Rk,Player,Tm,2017-18,2018-19,2019-20,2020-21,2021-22,2022-23,Signed Using,Guaranteed
1,Stephen Curry,GSW,"$34,682,550 ","$37,457,154 ","$40,231,758 ","$43,006,362 ","$45,780,966 ",,Bird Rights,"$201,158,790 "
2,LeBron James,CLE,"$33,285,709 ","$35,607,968 ",,,,,Early Bird,"$33,285,709 "
3,Paul Millsap,DEN,"$31,269,231 ","$29,730,769 ","$30,500,000 ",,,,Cap space,"$61,000,000 "
4,Gordon Hayward,BOS,"$29,727,900 ","$31,214,295 ","$32,700,690 ","$34,187,085 ",,,Cap space,"$93,642,885 "
5,Blake Griffin,DET,"$29,512,900 ","$31,873,932 ","$34,234,964 ","$36,595,996 ","$38,957,028 ",,Bird Rights,"$132,217,792 "
6,Kyle Lowry,TOR,"$28,703,704 ","$31,000,000 ","$33,296,296 ",,,,Bird Rights,"$93,000,000 "
7,Russell Westbrook,OKC,"$28,530,608 ","$35,350,000 ","$38,178,000 ","$41,006,000 ","$43,848,000 ",,Bird Rights,"$186,912,608 "
8,Mike Conley,MEM,"$28,530,608 ","$30,521,115 ","$32,511,623 ","$34,504,132 ",,,Cap Space,"$113,989,729 "
9,James Harden,HOU,"$28,299,399 ","$30,431,854 ","$37,800,000 ","$40,824,000 ","$43,848,000 ",,Bird Rights,"$181,203,253 "
10,DeMar DeRozan,TOR,"$27,739,975 ","$27,739,975 ","$27,739,975 ","$27,739,975 ",,,Cap Space,"$83,219,925 "
11,Al Horford,BOS,"$27,734,405 ","$28,928,710 ","$30,123,015 ",,,,Cap Space,"$56,663,115 "
12,Carmelo Anthony,OKC,"$26,243,760 ","$27,928,140 ",,,,,Bird Rights,"$26,243,760 "
13,Damian Lillard,POR,"$26,153,057 ","$27,977,689 ","$29,802,321 ","$31,626,953 ",,,1st Round Pick,"$115,560,020 "
14,Jrue Holiday,NOP,"$25,686,667 ","$26,131,111 ","$26,131,111 ","$26,131,111 ","$27,020,000 ",,Bird Rights,"$104,080,000 "
15,Chris Bosh,MIA,"$25,289,390 ","$26,837,720 ",,,,,,"$52,127,110 "
16,Kevin Durant,GSW,"$25,000,000 ","$26,250,000 ",,,,,Non-Bird Rights,"$25,000,000 "
17,Otto Porter,WAS,"$24,773,250 ","$26,011,913 ","$27,250,576 ","$28,489,239 ",,,Bird Rights,"$78,035,739 "
18,Chris Paul,HOU,"$24,599,495 ",,,,,,Bird Rights,"$24,599,495 "
19,C.J. McCollum,POR,"$23,962,573 ","$25,759,766 ","$27,556,959 ","$29,354,152 ",,,1st Round Pick,"$106,633,450 "
20,Bradley Beal,WAS,"$23,775,506 ","$25,434,263 ","$27,093,019 ","$28,751,775 ",,,Cap Space,"$105,054,563 "
21,Anthony Davis,NOP,"$23,775,506 ","$25,434,263 ","$27,093,019 ","$28,751,775 ",,,1st Round Pick,"$76,302,788 "
22,Andre Drummond,DET,"$23,775,506 ","$25,434,263 ","$27,093,019 ","$28,751,775 ",,,Cap Space,"$76,302,788 "
23,Hassan Whiteside,MIA,"$23,775,506 ","$25,434,263 ","$27,093,018 ",,,,Cap Space,"$49,209,769 "
24,Dwight Howard,CHO,"$23,500,000 ","$23,819,725 ",,,,,Cap Space,"$47,319,725 "
25,Chandler Parsons,MEM,"$23,112,004 ","$24,107,258 ","$25,102,511 ",,,,Cap Space,"$72,321,773 "
26,Harrison Barnes,DAL,"$23,112,004 ","$24,107,258 ","$25,102,512 ",,,,Cap Space,"$47,219,262 "
27,J.J. Redick,PHI,"$23,000,000 ",,,,,,Cap space,"$23,000,000 "
28,Marc Gasol,MEM,"$22,642,350 ","$24,119,025 ","$25,595,700 ",,,,Bird Rights,"$46,761,375 "
29,Kevin Love,CLE,"$22,642,350 ","$24,119,025 ","$25,595,700 ",,,,Bird Rights,"$46,761,375 "
30,Brook Lopez,LAL,"$22,642,350 ",,,,,,Bird Rights,"$22,642,350 "
31,DeAndre Jordan,LAC,"$22,642,350 ","$24,119,025 ",,,,,Bird Rights,"$22,642,350 "
32,Steven Adams,OKC,"$22,471,910 ","$24,157,303 ","$25,842,697 ","$27,528,090 ",,,1st Round Pick,"$100,000,000 "
33,Giannis Antetokounmpo,MIL,"$22,471,910 ","$24,157,303 ","$25,842,697 ","$27,528,090 ",,,1st Round Pick,"$100,000,000 "
34,Nicolas Batum,CHO,"$22,434,783 ","$24,000,000 ","$25,565,217 ","$27,130,434 ",,,Cap Space,"$72,000,000 "
35,Rudy Gobert,UTA,"$21,974,719 ","$23,491,573 ","$25,008,427 ","$26,525,281 ",,,1st Round Pick,"$97,000,000 "
36,LaMarcus Aldridge,SAS,"$21,461,010 ","$22,347,015 ","$26,000,000 ","$24,000,000 ",,,Cap Space,"$76,808,025 "
37,Victor Oladipo,IND,"$21,000,000 ","$21,000,000 ","$21,000,000 ","$21,000,000 ",,,1st Round Pick,"$84,000,000 "
38,Enes Kanter,NYK,"$20,566,802 ","$18,622,514 ",,,,,Bird Rights,"$20,566,802 "
39,Danilo Gallinari,LAC,"$20,559,599 ","$21,587,579 ","$22,615,559 ",,,,Sign and Trade,"$64,762,737 "
40,Serge Ibaka,TOR,"$20,061,729 ","$21,666,667 ","$23,271,604 ",,,,Cap space,"$65,000,000 "
41,George Hill,CLE,"$20,000,000 ","$19,000,000 ","$18,000,000 ",,,,Cap space,"$40,000,000 "
42,Ryan Anderson,HOU,"$19,578,455 ","$20,421,546 ","$21,264,635 ",,,,Cap Space,"$61,264,636 "
43,Paul George,OKC,"$19,508,958 ","$20,703,384 ",,,,,1st Round Pick,"$19,508,958 "
44,Allen Crabbe,BRK,"$19,332,500 ","$18,500,000 ","$18,500,000 ",,,,Cap Space,"$37,832,500 "
45,Jimmy Butler,MIN,"$19,301,070 ","$20,445,779 ","$19,841,627 ",,,,Bird Rights,"$39,746,849 "
46,Jeff Teague,MIN,"$19,000,000 ","$19,000,000 ","$19,000,000 ",,,,Cap space,"$38,000,000 "
47,Kawhi Leonard,SAS,"$18,868,625 ","$20,099,189 ","$21,329,752 ",,,,Bird Rights,"$38,967,814 "
48,Kyrie Irving,BOS,"$18,868,625 ","$20,099,188 ","$21,329,750 ",,,,Bird Rights,"$38,967,813 "
49,John Wall,WAS,"$18,063,850 ","$19,169,800 ","$37,800,000 ","$40,824,000 ","$43,848,000 ",,Bird Rights,"$159,705,650 "
50,DeMarcus Cousins,NOP,"$18,063,850 ",,,,,,1st Round Pick,"$18,063,850 "
51,Wesley Matthews,DAL,"$17,884,176 ","$18,622,514 ",,,,,Cap Space,"$36,506,690 "
52,Greg Monroe,PHO,"$17,884,176 ",,,,,,,"$17,884,176 "
53,Klay Thompson,GSW,"$17,826,150 ","$18,988,725 ",,,,,1st Round Pick,"$36,814,875 "
54,Joakim Noah,NYK,"$17,765,000 ","$18,530,000 ","$19,295,000 ",,,,Cap Space,"$55,590,000 "
55,Kentavious Caldwell-Pope,LAL,"$17,745,894 ",,,,,,Cap space,"$17,745,894 "
56,Luol Deng,LAL,"$17,190,000 ","$18,000,000 ","$18,810,000 ",,,,Cap Space,"$54,000,000 "
57,Evan Turner,POR,"$17,131,148 ","$17,868,852 ","$18,606,557 ",,,,Cap Space,"$53,606,557 "
58,Goran Dragic,MIA,"$17,000,450 ","$18,109,175 ","$19,217,900 ",,,,Bird Rights,"$35,109,625 "
59,Evan Fournier,ORL,"$17,000,000 ","$17,000,000 ","$17,000,000 ","$17,000,000 ",,,Cap Space,"$51,000,000 "
60,Bismack Biyombo,ORL,"$17,000,000 ","$17,000,000 ","$17,000,000 ",,,,Cap Space,"$34,000,000 "
61,Kent Bazemore,ATL,"$16,910,113 ","$18,089,887 ","$19,269,662 ",,,,Cap Space,"$35,000,000 "
62,Robert Covington,PHI,"$16,698,103 ","$10,464,092 ","$11,301,219 ","$12,138,345 ","$12,975,471 ",,Cap Space,"$63,577,230 "
63,Ian Mahinmi,WAS,"$16,661,641 ","$15,944,154 ","$15,450,051 ",,,,Cap Space,"$48,055,846 "
64,Tim Hardaway,NYK,"$16,500,000 ","$17,325,000 ","$18,150,000 ","$18,975,000 ",,,Cap space,"$51,975,000 "
65,Draymond Green,GSW,"$16,400,000 ","$17,469,565 ","$18,539,130 ",,,,Bird Rights,"$52,408,695 "
66,Tristan Thompson,CLE,"$16,400,000 ","$17,469,565 ","$18,539,130 ",,,,Bird Rights,"$52,408,695 "
67,Reggie Jackson,DET,"$16,000,000 ","$17,043,478 ","$18,086,956 ",,,,Bird Rights,"$51,130,434 "
68,Pau Gasol,SAS,"$16,000,000 ","$16,000,000 ","$16,000,000 ",,,,,"$38,700,000 "
69,Tobias Harris,LAC,"$16,000,000 ","$14,800,000 ",,,,,Bird Rights,"$30,800,000 "
70,Dwyane Wade,CHI,"$15,550,000 ",,,,,,,"$15,550,000 "
71,Dennis Schroder,ATL,"$15,500,000 ","$15,500,000 ","$15,500,000 ","$15,500,000 ",,,1st Round Pick,"$62,000,000 "
72,Jonas Valanciunas,TOR,"$15,460,675 ","$16,539,326 ","$17,617,977 ",,,,1st Round Pick,"$32,000,001 "
73,Tony Parker,SAS,"$15,453,126 ",,,,,,Bird Rights,"$15,453,126 "
74,Timofey Mozgov,BRK,"$15,280,000 ","$16,000,000 ","$16,720,000 ",,,,Cap Space,"$48,000,000 "
75,Andre Iguodala,GSW,"$14,814,815 ","$16,000,000 ","$17,185,185 ",,,,Bird Rights,"$48,000,000 "
76,DeMarre Carroll,BRK,"$14,800,000 ","$15,400,000 ",,,,,Cap Space,"$30,200,000 "
77,Thaddeus Young,IND,"$14,796,348 ","$13,764,045 ",,,,,Bird Rights,"$14,796,348 "
78,Eric Bledsoe,MIL,"$14,500,000 ","$15,000,000 ",,,,,Bird Rights,"$29,500,000 "
79,Ricky Rubio,UTA,"$14,275,000 ","$14,975,000 ",,,,,1st Round Pick,"$29,250,000 "
80,Joe Ingles,UTA,"$14,136,364 ","$13,045,455 ","$11,954,546 ","$10,863,637 ",,,Bird Rights,"$50,000,002 "
81,Gorgui Dieng,MIN,"$14,112,360 ","$15,170,787 ","$16,229,213 ","$17,287,640 ",,,1st Round Pick,"$62,800,000 "
82,Khris Middleton,MIL,"$14,100,000 ","$13,000,000 ","$13,000,000 ",,,,Bird Rights,"$27,100,000 "
83,Mason Plumlee,DEN,"$14,041,096 ","$12,917,808 ","$14,041,096 ",,,,Cap space,"$41,000,000 "
84,Taj Gibson,MIN,"$14,000,000 ","$14,000,000 ",,,,,Cap space,"$28,000,000 "
85,James Johnson,MIA,"$13,954,000 ","$14,651,700 ","$15,349,400 ",,,,Cap space,"$43,955,100 "
86,Robin Lopez,CHI,"$13,788,500 ","$14,357,750 ",,,,,Cap Space,"$28,146,250 "
87,J.R. Smith,CLE,"$13,760,000 ","$14,720,000 ","$15,680,000 ",,,,Bird Rights,"$32,350,000 "
88,Brandon Knight,PHO,"$13,618,750 ","$14,631,250 ","$15,643,750 ",,,,,"$43,893,750 "
89,Marvin Williams,CHO,"$13,168,750 ","$14,087,500 ","$15,006,250 ",,,,Cap Space,"$27,256,250 "
90,Tyson Chandler,PHO,"$13,000,000 ","$13,585,000 ",,,,,Cap Space,"$26,585,000 "
91,Michael Kidd-Gilchrist,CHO,"$13,000,000 ","$13,000,000 ","$13,000,000 ",,,,1st Round Pick,"$26,000,000 "
92,Eric Gordon,HOU,"$12,943,020 ","$13,500,375 ","$14,057,730 ",,,,Cap Space,"$40,501,125 "
93,Kenneth Faried,DEN,"$12,921,348 ","$13,764,045 ",,,,,1st Round Pick,"$26,685,393 "
94,Marcin Gortat,WAS,"$12,782,609 ","$13,565,218 ",,,,,Bird Rights,"$26,347,827 "
95,Cody Zeller,CHO,"$12,584,270 ","$13,528,090 ","$14,471,910 ","$15,415,730 ",,,1st Round Pick,"$56,000,000 "
96,Miles Plumlee,ATL,"$12,500,000 ","$12,500,000 ","$12,500,000 ",,,,Bird Rights,"$37,500,000 "
97,Nikola Mirotic,NOP,"$12,500,000 ","$12,500,000 ",,,,,Cap space,"$25,000,000 "
98,Zach Randolph,SAC,"$12,307,692 ","$11,692,308 ",,,,,Cap space,"$24,000,000 "
99,Nikola Vucevic,ORL,"$12,250,000 ","$12,750,000 ",,,,,Bird Rights,"$25,000,000 "
100,Solomon Hill,NOP,"$12,236,535 ","$12,752,928 ","$13,258,781 ",,,,Cap Space,"$38,248,244 "
101,Wilson Chandler,DEN,"$12,016,854 ","$12,800,562 ",,,,,,"$12,016,854 "
102,Jeremy Lin,BRK,"$12,000,000 ","$12,516,746 ",,,,,Cap Space,"$24,516,746 "
103,Kemba Walker,CHO,"$12,000,000 ","$12,000,000 ",,,,,1st Round Pick,"$24,000,000 "
104,Derrick Favors,UTA,"$12,000,000 ",,,,,,1st Round Pick,"$12,000,000 "
105,Austin Rivers,LAC,"$11,825,000 ","$12,650,000 ",,,,,Cap Space,"$11,825,000 "
106,Courtney Lee,NYK,"$11,747,890 ","$12,253,780 ","$12,759,670 ",,,,Cap Space,"$36,761,340 "
107,Nikola Pekovic,MIN,"$11,600,000 ",,,,,,,"$11,600,000 "
108,Jordan Clarkson,CLE,"$11,562,500 ","$12,500,000 ","$13,437,500 ",,,,Cap Space,"$37,500,000 "
109,John Henson,MIL,"$11,422,536 ","$10,577,466 ","$9,732,396 ",,,,1st Round Pick,"$31,732,398 "
110,Dion Waiters,MIA,"$11,000,000 ","$11,550,000 ","$12,100,000 ","$12,650,000 ",,,Cap space,"$47,300,000 "
111,Amir Johnson,PHI,"$11,000,000 ",,,,,,Cap space,"$11,000,000 "
112,Jamal Crawford,ATL,"$10,942,762 ","$2,304,226 ",,,,,,"$13,246,988 "
113,Alec Burks,UTA,"$10,845,506 ","$11,536,515 ",,,,,1st Round Pick,"$22,382,021 "
114,Patty Mills,SAS,"$10,714,286 ","$11,571,429 ","$12,428,571 ","$13,285,714 ",,,Bird Rights,"$48,000,000 "
115,Kelly Olynyk,MIA,"$10,607,169 ","$11,137,527 ","$11,667,885 ","$12,198,243 ",,,Cap space,"$33,412,581 "
116,Omer Asik,CHI,"$10,595,505 ","$11,286,516 ","$11,977,527 ",,,,Bird Rights,"$24,882,021 "
117,Terrence Ross,ORL,"$10,500,000 ","$10,500,000 ",,,,,Rookie scale extension,"$21,000,000 "
118,Mirza Teletovic,MIL,"$10,500,000 ","$10,500,000 ",,,,,,"$21,000,000 "
119,Bojan Bogdanovic,IND,"$10,500,000 ","$10,500,000 ",,,,,Cap space,"$12,000,000 "
120,Jon Leuer,DET,"$10,497,319 ","$10,002,681 ","$9,508,043 ",,,,Cap Space,"$30,008,043 "
121,Iman Shumpert,SAC,"$10,337,079 ","$11,011,234 ",,,,,Bird Rights,"$10,337,079 "
122,Maurice Harkless,POR,"$10,162,922 ","$10,837,079 ","$11,511,234 ",,,,Cap Space,"$32,511,235 "
123,Jared Dudley,PHO,"$10,000,000 ","$9,530,000 ",,,,,Cap Space,"$19,530,000 "
124,Darren Collison,IND,"$10,000,000 ","$10,000,000 ",,,,,Cap space,"$12,000,000 "
125,Danny Green,SAS,"$10,000,000 ","$10,000,000 ",,,,,Bird Rights,"$10,000,000 "
126,Meyers Leonard,POR,"$9,904,495 ","$10,595,506 ","$11,286,515 ",,,,Cap Space,"$31,786,516 "
127,Tony Snell,MIL,"$9,821,429 ","$10,607,143 ","$11,392,857 ","$12,178,571 ",,,Cap space,"$31,821,429 "
128,Al Jefferson,IND,"$9,769,821 ","$10,000,000 ",,,,,Cap Space,"$13,769,821 "
129,Matthew Dellavedova,MIL,"$9,607,500 ","$9,607,500 ","$9,607,500 ",,,,Cap Space,"$28,822,500 "
130,Joe Johnson,SAC,"$9,505,000 ",,,,,,,"$9,505,000 "
131,Bogdan Bogdanovic,SAC,"$9,470,614 ","$9,000,000 ","$8,529,386 ",,,,Cap space,"$27,000,000 "
132,Andre Roberson,OKC,"$9,259,259 ","$10,000,000 ","$10,740,741 ",,,,Bird Rights,"$30,000,000 "
133,Trevor Booker,PHI,"$9,125,000 ",,,,,,,"$9,125,000 "
134,Dwight Powell,DAL,"$9,003,125 ","$9,631,250 ","$10,259,375 ",,,,Cap Space,"$18,634,375 "
135,Jerryd Bayless,PHI,"$9,000,000 ","$8,575,916 ",,,,,Cap Space,"$17,575,916 "
136,Avery Bradley,LAC,"$8,808,989 ",,,,,,Bird Rights,"$8,808,989 "
137,JaMychal Green,MEM,"$8,533,333 ","$7,866,667 ",,,,,Bird Rights,"$16,400,000 "
138,E'Twaun Moore,NOP,"$8,445,024 ","$8,808,685 ","$8,664,928 ",,,,Cap Space,"$25,918,637 "
139,Rudy Gay,SAS,"$8,406,000 ","$8,826,300 ",,,,,MLE,"$8,406,000 "
140,Kosta Koufos,SAC,"$8,393,000 ","$8,739,500 ",,,,,Cap Space,"$17,132,500 "
141,Markieff Morris,WAS,"$8,000,000 ","$8,600,000 ",,,,,Bird Rights,"$16,600,000 "
142,Vince Carter,SAC,"$8,000,000 ",,,,,,Cap space,"$8,000,000 "
143,Garrett Temple,SAC,"$8,000,000 ","$8,000,000 ",,,,,Cap Space,"$8,000,000 "
144,C.J. Miles,TOR,"$7,936,509 ","$8,333,333 ","$8,730,158 ",,,,MLE,"$16,269,842 "
145,Cristiano Felicio,CHI,"$7,843,500 ","$8,470,980 ","$8,156,500 ","$7,529,020 ",,,Cap space,"$32,000,000 "
146,Shaun Livingston,GSW,"$7,692,308 ","$8,307,692 ","$7,692,308 ",,,,Bird Rights,"$18,000,000 "
147,Cory Joseph,IND,"$7,630,000 ","$7,945,000 ",,,,,Cap Space,"$15,575,000 "
148,P.J. Tucker,HOU,"$7,590,035 ","$7,969,537 ","$8,349,039 ","$7,969,537 ",,,MLE,"$26,477,799 "
149,Corey Brewer,LAL,"$7,579,366 ",,,,,,,"$7,579,366 "
150,Andrew Wiggins,MIN,"$7,574,322 ","$25,250,000 ","$27,270,000 ","$29,290,000 ","$31,310,000 ",,1st Round Pick,"$154,024,322 "
151,Darrell Arthur,DEN,"$7,464,912 ","$7,464,912 ",,,,,Cap Space,"$7,464,912 "
152,Channing Frye,LAL,"$7,420,912 ",,,,,,Cap Space,"$7,420,912 "
153,Trevor Ariza,HOU,"$7,420,912 ",,,,,,Bird Rights,"$7,420,912 "
154,Al-Farouq Aminu,POR,"$7,319,035 ","$6,957,105 ",,,,,Cap Space,"$14,276,140 "
155,Cole Aldrich,MIN,"$7,300,000 ","$6,956,021 ",,,,,Cap Space,"$9,356,021 "
156,D.J. Augustin,ORL,"$7,250,000 ","$7,250,000 ","$7,250,000 ",,,,Cap Space,"$21,750,000 "
157,Markelle Fultz,PHI,"$7,026,240 ","$8,339,880 ","$9,745,200 ","$12,288,697 ",,,1st Round Pick,"$15,366,120 "
158,Lou Williams,LAC,"$7,000,000 ","$8,000,000 ","$8,000,000 ","$1,500,000 ",,,Cap Space,"$23,000,000 "
159,Kyle Korver,CLE,"$7,000,000 ","$7,560,000 ","$7,500,000 ",,,,Bird Rights,"$18,000,000 "
160,Jeremy Lamb,CHO,"$7,000,000 ","$7,488,372 ",,,,,Rookie scale extension,"$14,488,372 "
161,Boban Marjanovic,LAC,"$7,000,000 ","$7,000,000 ",,,,,Cap Space,"$14,000,000 "
162,Jae Crowder,UTA,"$6,796,117 ","$7,305,825 ","$7,815,533 ",,,,Bird Rights,"$21,917,475 "
163,Jabari Parker,MIL,"$6,782,392 ",,,,,,1st Round Pick,"$6,782,392 "
164,Langston Galloway,DET,"$6,666,667 ","$7,000,000 ","$7,333,333 ",,,,MLE,"$21,000,000 "
165,Lance Thomas,NYK,"$6,655,325 ","$7,119,650 ","$7,583,975 ",,,,Cap Space,"$13,774,975 "
166,Ed Davis,POR,"$6,352,531 ",,,,,,Cap Space,"$6,352,531 "
167,Marco Belinelli,ATL,"$6,306,060 ",,,,,,,"$6,306,060 "
168,Jonathon Simmons,ORL,"$6,300,000 ","$6,000,000 ","$5,700,000 ",,,,Cap space,"$13,300,000 "
169,Lonzo Ball,LAL,"$6,286,560 ","$7,461,960 ","$8,719,320 ","$11,003,782 ",,,1st Round Pick,"$13,748,520 "
170,Wayne Ellington,MIA,"$6,270,000 ",,,,,,Cap Space,"$6,270,000 "
171,Isaiah Thomas,LAL,"$6,261,395 ",,,,,,,"$6,261,395 "
172,Karl-Anthony Towns,MIN,"$6,216,840 ","$7,839,435 ",,,,,1st round pick,"$6,216,840 "
173,Ben Simmons,PHI,"$6,168,840 ","$6,434,520 ","$8,113,930 ",,,,1st Round pick,"$12,603,360 "
174,Joel Embiid,PHI,"$6,100,266 ","$25,250,000 ","$27,270,000 ","$29,290,000 ","$31,310,000 ",,1st Round Pick,"$6,100,266 "
175,Spencer Hawes,MIL,"$6,021,175 ",,,,,,,"$6,021,175 "
176,Josh McRoberts,DAL,"$6,021,175 ",,,,,,,"$6,021,175 "
177,Ish Smith,DET,"$6,000,000 ","$6,000,000 ",,,,,Cap Space,"$12,000,000 "
178,Alan Williams,PHO,"$6,000,000 ","$5,520,000 ","$5,520,000 ",,,,Cap space,"$6,000,000 "
179,Shelvin Mack,ORL,"$6,000,000 ","$6,000,000 ",,,,,Cap space,"$6,000,000 "
180,Milos Teodosic,LAC,"$6,000,000 ","$6,300,000 ",,,,,MLE,"$6,000,000 "
181,Ersan Ilyasova,ATL,"$6,000,000 ",,,,,,,"$6,000,000 "
182,Dewayne Dedmon,ATL,"$6,000,000 ","$6,300,000 ",,,,,Cap space,"$6,000,000 "
183,Tyler Johnson,MIA,"$5,881,260 ","$19,245,370 ","$19,245,370 ",,,,Cap Space,"$25,126,630 "
184,Wesley Johnson,LAC,"$5,881,260 ","$6,134,520 ",,,,,Cap Space,"$12,015,780 "
185,Alex Abrines,OKC,"$5,725,000 ","$5,455,236 ",,,,,Cap Space,"$11,180,236 "
186,Jayson Tatum,BOS,"$5,645,400 ","$6,700,800 ","$7,830,000 ","$9,897,120 ",,,1st Round Pick,"$12,346,200 "
187,D'Angelo Russell,BRK,"$5,562,360 ","$7,019,698 ",,,,,1st round pick,"$12,582,058 "
188,Brandon Ingram,LAL,"$5,519,400 ","$5,757,120 ","$7,265,485 ",,,,1st Round pick,"$11,276,520 "
189,Patrick Beverley,LAC,"$5,513,514 ","$5,027,028 ",,,,,Bird Rights,"$5,513,514 "
190,Aaron Gordon,ORL,"$5,504,420 ",,,,,,1st Round Pick,"$5,504,420 "
191,Deron Williams,BRK,"$5,500,000 ","$5,500,000 ","$5,500,000 ",,,,,"$16,500,000 "
192,Josh Smith,DET,"$5,400,000 ","$5,400,000 ","$5,400,000 ",,,,,"$16,200,000 "
193,Thabo Sefolosha,UTA,"$5,250,000 ","$5,250,000 ",,,,,Cap space,"$5,250,000 "
194,Jason Smith,WAS,"$5,225,000 ","$5,450,000 ",,,,,Cap Space,"$10,675,000 "
195,Ben McLemore,MEM,"$5,200,000 ","$5,460,000 ",,,,,MLE,"$10,660,000 "
196,Patrick Patterson,OKC,"$5,192,000 ","$5,451,600 ","$5,711,200 ",,,,MLE,"$10,643,600 "
197,Nick Young,GSW,"$5,192,000 ",,,,,,MLE,"$5,192,000 "
198,Brandan Wright,MEM,"$5,179,760 ",,,,,,,"$5,179,760 "
199,Josh Jackson,PHO,"$5,090,040 ","$6,041,520 ","$7,059,480 ","$8,930,242 ",,,1st Round Pick,"$11,131,560 "
200,Marcus Morris,BOS,"$5,000,000 ","$5,375,000 ",,,,,Bird Rights,"$10,375,000 "
201,Dirk Nowitzki,DAL,"$5,000,000 ","$5,000,000 ",,,,,Cap space,"$5,000,000 "
202,Greg Monroe,BOS,"$5,000,000 ",,,,,,Disabled Player Exception,"$5,000,000 "
203,Mike Muscala,ATL,"$5,000,000 ","$5,000,000 ",,,,,Cap space,"$5,000,000 "
204,Jahlil Okafor,BRK,"$4,995,120 ",,,,,,1st round pick,"$4,995,120 "
205,Dante Exum,UTA,"$4,992,385 ",,,,,,1st Round Pick,"$4,992,385 "
206,Alexis Ajinca,NOP,"$4,961,798 ","$5,285,394 ",,,,,Early Bird Rights,"$10,247,192 "
207,Jaylen Brown,BOS,"$4,956,480 ","$5,169,960 ","$6,534,829 ",,,,1st Rd pick,"$10,126,440 "
208,Jameer Nelson,DEN,"$4,736,050 ",,,,,,,"$4,736,050 "
209,Kyle Singler,OKC,"$4,666,500 ","$4,996,000 ","$5,333,500 ",,,,Bird Rights,"$9,662,500 "
210,Justin Holiday,CHI,"$4,615,385 ","$4,384,616 ",,,,,MLE,"$9,000,001 "
211,De'Aaron Fox,SAC,"$4,609,200 ","$5,407,920 ","$6,392,760 ","$8,099,627 ",,,1st Round Pick,"$10,017,120 "
212,Marcus Smart,BOS,"$4,538,020 ",,,,,,1st Round Pick,"$4,538,020 "
213,Kristaps Porzingis,NYK,"$4,503,600 ","$5,697,054 ",,,,,1st round pick,"$10,200,654 "
214,Dragan Bender,PHO,"$4,468,800 ","$4,661,280 ","$5,896,519 ",,,,1st Round pick,"$9,130,080 "
215,Devin Harris,DEN,"$4,402,546 ",,,,,,Cap Space,"$4,402,546 "
216,Ron Baker,NYK,"$4,328,000 ","$4,544,400 ",,,,,Room Exception,"$4,328,000 "
217,Jamal Crawford,MIN,"$4,328,000 ",,,,,,,"$4,328,000 "
218,Aron Baynes,BOS,"$4,328,000 ",,,,,,Room Exception,"$4,328,000 "
219,Alex Len,PHO,"$4,187,599 ",,,,,,1st Round Pick,"$4,187,599 "
220,Nerlens Noel,DAL,"$4,187,599 ",,,,,,1st Round Pick,"$4,187,599 "
221,Jonathan Isaac,ORL,"$4,186,320 ","$4,969,080 ","$5,806,440 ","$7,362,566 ",,,1st Round Pick,"$9,155,400 "
222,Lance Stephenson,IND,"$4,180,000 ","$4,360,000 ",,,,,Cap space,"$4,180,000 "
223,Julius Randle,LAL,"$4,149,242 ",,,,,,1st Round Pick,"$4,149,242 "
224,Kyle O'Quinn,NYK,"$4,087,500 ","$4,256,250 ",,,,,Bird Rights,"$4,087,500 "
225,Mario Hezonja,ORL,"$4,078,320 ",,,,,,1st round pick,"$4,078,320 "
226,Kris Dunn,CHI,"$4,046,760 ","$4,221,000 ","$5,348,007 ",,,,1st Round pick,"$8,267,760 "
227,Jonas Jerebko,UTA,"$4,000,000 ","$4,200,000 ",,,,,Cap space,"$4,000,000 "
228,Nemanja Bjelica,MIN,"$3,949,999 ",,,,,,MLE,"$3,949,999 "
229,J.J. Barea,DAL,"$3,903,900 ","$3,710,850 ",,,,,Cap Space,"$7,614,750 "
230,Quincy Pondexter,CHI,"$3,853,931 ",,,,,,,"$3,853,931 "
231,Lauri Markkanen,CHI,"$3,821,640 ","$4,536,120 ","$5,300,400 ","$6,731,508 ",,,1st Round Pick,"$8,357,760 "
232,Nik Stauskas,BRK,"$3,807,146 ",,,,,,1st Round Pick,"$3,807,146 "
233,Willie Cauley-Stein,SAC,"$3,704,160 ","$4,696,875 ",,,,,1st round pick,"$8,401,035 "
234,Buddy Hield,SAC,"$3,675,480 ","$3,833,760 ","$4,861,208 ",,,,1st Round pick,"$7,509,240 "
235,Will Barton,DEN,"$3,533,333 ",,,,,,Bird Rights,"$3,533,333 "
236,Noah Vonleh,CHI,"$3,505,233 ",,,,,,1st Round Pick,"$3,505,233 "
237,Frank Ntilikina,NYK,"$3,501,120 ","$4,155,720 ","$4,855,800 ","$6,176,578 ",,,1st Round Pick,"$7,656,840 "
238,Nene Hilario,HOU,"$3,477,600 ","$3,651,480 ","$3,825,360 ",,,,Non-Bird Rights,"$10,954,440 "
239,Zaza Pachulia,GSW,"$3,477,600 ",,,,,,,"$3,477,600 "
240,Troy Daniels,PHO,"$3,408,520 ","$3,258,540 ",,,,,Cap Space,"$6,667,060 "
241,Emmanuel Mudiay,NYK,"$3,381,480 ","$4,294,480 ",,,,,1st round pick,"$7,675,960 "
242,Jamal Murray,DEN,"$3,355,320 ","$3,499,800 ","$4,444,746 ",,,,1st Round pick,"$6,855,120 "
243,Elfrid Payton,PHO,"$3,332,340 ",,,,,,1st Round Pick,"$3,332,340 "
244,Rajon Rondo,NOP,"$3,300,000 ",,,,,,MLE,"$3,300,000 "
245,Doug McDermott,DAL,"$3,294,994 ",,,,,,1st Round Pick,"$3,294,994 "
246,Jodie Meeks,WAS,"$3,290,000 ","$3,454,500 ",,,,,Bi-annual Exception,"$3,290,000 "
247,Tyreke Evans,MEM,"$3,290,000 ",,,,,,Bi-annual Exception,"$3,290,000 "
248,Tarik Black,HOU,"$3,290,000 ",,,,,,Bi-annual Exception,"$3,290,000 "
249,Anthony Tolliver,DET,"$3,290,000 ",,,,,,Bi-annual Exception,"$3,290,000 "
250,Dennis Smith,DAL,"$3,218,280 ","$3,819,960 ","$4,463,640 ","$5,686,677 ",,,1st Round Pick,"$7,038,240 "
251,Zach LaVine,CHI,"$3,202,217 ",,,,,,1st Round Pick,"$3,202,217 "
252,Ekpe Udoh,UTA,"$3,200,000 ","$3,360,000 ",,,,,Room Exception,"$3,200,000 "
253,T.J. Warren,PHO,"$3,152,931 ","$11,750,000 ","$10,810,000 ","$11,750,000 ","$12,690,000 ",,1st Round Pick,"$50,152,931 "
254,Stanley Johnson,DET,"$3,097,800 ","$3,940,402 ",,,,,1st round pick,"$7,038,202 "
255,Marquese Chriss,PHO,"$3,073,800 ","$3,206,160 ","$4,078,236 ",,,,1st Rd pick,"$6,279,960 "
256,Zach Collins,POR,"$3,057,240 ","$3,628,920 ","$4,240,200 ","$5,406,255 ",,,1st Round Pick,"$6,686,160 "
257,James Ennis,DET,"$3,028,410 ",,,,,,Room exception,"$3,028,410 "
258,Seth Curry,DAL,"$3,028,410 ",,,,,,Room exception,"$3,028,410 "
259,Mindaugas Kuzminskas,NYK,"$3,025,035 ",,,,,,,"$3,025,035 "
260,Tomas Satoransky,WAS,"$3,000,000 ","$3,129,187 ",,,,,Cap Space,"$6,129,187 "
261,Rajon Rondo,CHI,"$3,000,000 ",,,,,,,"$3,000,000 "
262,Lucas Nogueira,TOR,"$2,947,305 ",,,,,,1st Round Pick,"$2,947,305 "
263,Jusuf Nurkic,POR,"$2,947,305 ",,,,,,1st Round Pick,"$2,947,305 "
264,Malik Monk,CHO,"$2,904,480 ","$3,447,480 ","$4,028,400 ","$5,345,687 ",,,1st Round Pick,"$6,351,960 "
265,Frank Kaminsky,CHO,"$2,847,600 ","$3,627,842 ",,,,,1st round pick,"$6,475,442 "
266,Andrew Nicholson,POR,"$2,844,429 ","$2,844,429 ","$2,844,429 ","$2,844,429 ","$2,844,429 ",,,"$19,911,003 "
267,Jakob Poeltl,TOR,"$2,825,640 ","$2,947,320 ","$3,754,886 ",,,,1st Round pick,"$5,772,960 "
268,Luke Kennard,DET,"$2,759,280 ","$3,275,280 ","$3,827,160 ","$5,273,826 ",,,1st Round Pick,"$6,034,560 "
269,Justise Winslow,MIA,"$2,705,040 ","$3,448,926 ",,,,,1st round pick,"$6,153,966 "
270,Michael Carter-Williams,CHO,"$2,700,000 ",,,,,,Bi-annual Exception,"$2,700,000 "
271,Thon Maker,MIL,"$2,684,160 ","$2,799,720 ","$3,569,643 ",,,,1st Round pick,"$5,483,880 "
272,Cedi Osman,CLE,"$2,642,857 ","$2,775,000 ","$2,907,143 ",,,,MLE,"$8,325,000 "
273,Donovan Mitchell,UTA,"$2,621,280 ","$3,111,480 ","$3,635,760 ","$5,195,501 ",,,1st Round Pick,"$5,732,760 "
274,Myles Turner,IND,"$2,569,920 ","$3,410,284 ",,,,,1st round pick,"$5,980,204 "
275,Gary Harris,DEN,"$2,550,055 ","$16,517,857 ","$17,839,286 ","$19,160,714 ","$20,482,143 ",,1st Round Pick,"$76,550,055 "
276,Domantas Sabonis,IND,"$2,550,000 ","$2,659,800 ","$3,529,555 ",,,,1st Round pick,"$5,209,800 "
277,Manu Ginobili,SAS,"$2,500,000 ","$2,500,000 ",,,,,,"$5,000,000 "
278,Reggie Bullock,DET,"$2,500,000 ","$2,500,000 ",,,,,Cap space,"$2,500,000 "
279,Richard Jefferson,ATL,"$2,500,000 ",,,,,,,"$2,500,000 "
280,Malcolm Delaney,ATL,"$2,500,000 ",,,,,,Room Exception,"$2,500,000 "
281,Bam Adebayo,MIA,"$2,490,360 ","$2,955,840 ","$3,454,080 ","$5,115,492 ",,,1st Round Pick,"$5,446,200 "
282,Bruno Caboclo,SAC,"$2,451,225 ",,,,,,1st Round Pick,"$2,451,225 "
283,Ronnie Price,OKC,"$2,442,455 ",,,,,,,"$2,442,455 "
284,Trey Lyles,DEN,"$2,441,400 ","$3,364,249 ",,,,,1st round pick,"$5,805,649 "
285,Dario Saric,PHI,"$2,422,560 ","$2,526,840 ","$3,481,986 ",,,,1st Round pick,"$4,949,400 "
286,Taurean Waller-Prince,ATL,"$2,422,560 ","$2,526,840 ","$3,481,986 ",,,,1st Round pick,"$4,949,400 "
287,Rodney Hood,CLE,"$2,386,864 ",,,,,,1st Round Pick,"$2,386,864 "
288,Justin Jackson,SAC,"$2,365,560 ","$2,807,880 ","$3,280,920 ","$5,029,650 ",,,1st Round Pick,"$5,173,440 "
289,Shabazz Napier,POR,"$2,361,360 ",,,,,,1st Round Pick,"$2,361,360 "
290,Clint Capela,HOU,"$2,334,520 ",,,,,,1st Round Pick,"$2,334,520 "
291,Arron Afflalo,ORL,"$2,328,652 ",,,,,,Minimum Salary,"$2,328,652 "
292,Nick Collison,OKC,"$2,328,652 ",,,,,,Minimum Salary,"$2,328,652 "
293,Raymond Felton,OKC,"$2,328,652 ",,,,,,Minimum Salary,"$2,328,652 "
294,Ramon Sessions,NYK,"$2,328,652 ",,,,,,,"$2,328,652 "
295,Jarrett Jack,NYK,"$2,328,652 ",,,,,,Minimum Salary,"$2,328,652 "
296,Jason Terry,MIL,"$2,328,652 ",,,,,,Minimum Salary,"$2,328,652 "
297,Udonis Haslem,MIA,"$2,328,652 ",,,,,,Minimum Salary,"$2,328,652 "
298,Dwyane Wade,MIA,"$2,328,652 ",,,,,,Minimum Salary,"$2,328,652 "
299,David West,GSW,"$2,328,652 ",,,,,,Minimum Salary,"$2,328,652 "
300,Richard Jefferson,DEN,"$2,328,652 ",,,,,,Minimum Salary,"$2,328,652 "
301,Jose Calderon,CLE,"$2,328,652 ",,,,,,Minimum Salary,"$2,328,652 "
302,Andrew Bogut,LAL,"$2,328,652 ",,,,,,,
303,Devin Booker,PHO,"$2,319,360 ","$3,314,365 ",,,,,1st round pick,"$5,633,725 "
304,Georgios Papagiannis,SAC,"$2,301,360 ","$2,400,480 ","$3,430,288 ",,,,,"$4,701,840 "
305,Dante Cunningham,BRK,"$2,300,000 ",,,,,,MLE,"$2,300,000 "
306,Jameer Nelson,DET,"$2,262,871 ",,,,,,,"$2,262,871 "
307,Justin Patton,MIN,"$2,247,480 ","$2,667,600 ","$3,117,240 ","$4,781,846 ",,,1st Round Pick,"$4,915,080 "
308,Guerschon Yabusele,BOS,"$2,247,480 ","$2,667,600 ","$3,117,240 ","$4,781,846 ",,,1st Round Pick,"$4,915,080 "
309,Monta Ellis,IND,"$2,245,400 ","$2,245,400 ","$2,245,400 ","$2,245,400 ","$2,245,400 ",,,"$11,227,000 "
310,Cameron Payne,CHI,"$2,203,440 ","$3,263,295 ",,,,,1st round pick,"$5,466,735 "
311,Denzel Valentine,CHI,"$2,186,400 ","$2,280,600 ","$3,377,569 ",,,,1st Round pick,"$4,467,000 "
312,Josh Smith,NOP,"$2,183,934 ",,,,,,,
313,Kyle Anderson,SAS,"$2,151,704 ",,,,,,1st Round Pick,"$2,151,704 "
314,D.J. Wilson,MIL,"$2,135,040 ","$2,534,280 ","$2,961,120 ","$4,548,280 ",,,1st Round Pick,"$4,669,320 "
315,Matt Barnes,SAC,"$2,133,542 ","$2,133,542 ","$2,133,541 ",,,,,"$6,400,625 "
316,Derrick Rose,UTA,"$2,116,955 ",,,,,,,"$2,116,955 "
317,Marreese Speights,ORL,"$2,116,955 ",,,,,,Minimum Salary,"$2,116,955 "
318,Michael Beasley,NYK,"$2,116,955 ",,,,,,Minimum Salary,"$2,116,955 "
319,Aaron Brooks,MIN,"$2,116,955 ",,,,,,,"$2,116,955 "
320,Luc Mbah a Moute,HOU,"$2,116,955 ",,,,,,Minimum Salary,"$2,116,955 "
321,JaVale McGee,GSW,"$2,116,955 ",,,,,,,"$2,116,955 "
322,Jeff Green,CLE,"$2,116,955 ",,,,,,Minimum Salary,"$2,116,955 "
323,Tony Allen,CHI,"$2,116,955 ",,,,,,,"$2,116,955 "
324,Damien Wilkins,IND,"$2,116,955 ",,,,,,,"$25,000 "
325,Omri Casspi,GSW,"$2,106,470 ",,,,,,,"$2,106,470 "
326,Mario Chalmers,MEM,"$2,106,407 ",,,,,,Minimum Salary,"$2,106,407 "
327,Darius Miller,NOP,"$2,100,000 ","$2,205,000 ",,,,,MLE,"$2,100,000 "
328,Kelly Oubre,WAS,"$2,093,040 ","$3,208,630 ",,,,,1st round pick,"$5,301,670 "
329,Juan Hernangomez,DEN,"$2,076,840 ","$2,166,360 ","$3,321,030 ",,,,1st Round pick,"$4,243,200 "
330,T.J. Leaf,IND,"$2,028,360 ","$2,407,560 ","$2,813,280 ","$4,326,825 ",,,1st Round Pick,"$4,435,920 "
331,Tim Frazier,WAS,"$2,000,000 ",,,,,,Room exception,"$2,000,000 "
332,Anthony Tolliver,SAC,"$2,000,000 ",,,,,,,"$2,000,000 "
333,Terry Rozier,BOS,"$1,988,520 ","$3,050,390 ",,,,,1st round pick,"$5,038,910 "
334,Luke Babbitt,MIA,"$1,974,159 ",,,,,,Minimum Salary,"$987,080 "
335,John Collins,ATL,"$1,936,920 ","$2,299,080 ","$2,686,560 ","$4,137,302 ",,,1st Round Pick,"$4,236,000 "
336,Anderson Varejao,POR,"$1,913,345 ","$1,913,345 ","$1,913,345 ","$1,913,345 ",,,,"$7,653,380 "
337,Rashad Vaughn,NOP,"$1,889,040 ",,,,,,,"$1,889,040 "
338,Tim Duncan,SAS,"$1,881,250 ","$1,881,250 ",,,,,,"$3,762,500 "
339,Wade Baldwin,MEM,"$1,874,400 ",,,,,,,"$1,874,400 "
340,Larry Sanders,MIL,"$1,865,547 ","$1,865,547 ","$1,865,547 ","$1,865,547 ","$1,865,547 ",,,"$9,327,735 "
341,Harry Giles,SAC,"$1,859,400 ","$2,207,040 ","$2,578,800 ","$3,976,510 ",,,1st Round Pick,"$4,066,440 "
342,Sam Dekker,LAC,"$1,794,600 ","$2,760,095 ",,,,,1st Round pick,"$4,554,695 "
343,Terrance Ferguson,OKC,"$1,785,000 ","$2,118,840 ","$2,475,840 ","$3,944,013 ",,,1st Round Pick,"$3,903,840 "
344,Henry Ellenson,DET,"$1,780,800 ","$1,857,480 ","$2,856,804 ",,,,1st Round pick,"$3,638,280 "
345,Eric Moreland,DET,"$1,739,333 ","$1,826,300 ","$1,913,267 ",,,,MLE,"$1,739,333 "
346,Jerian Grant,CHI,"$1,713,840 ","$2,639,314 ",,,,,1st Round pick,"$4,353,154 "
347,Jarrett Allen,BRK,"$1,713,720 ","$2,034,120 ","$2,376,840 ","$3,909,902 ",,,1st Round Pick,"$3,747,840 "
348,Mike Scott,WAS,"$1,709,538 ",,,,,,Minimum Salary,"$1,709,538 "
349,Tyler Zeller,MIL,"$1,709,538 ","$1,933,941 ",,,,,,"$1,709,538 "
350,Quincy Acy,BRK,"$1,709,538 ",,,,,,,
351,Malik Beasley,DEN,"$1,700,640 ","$1,773,840 ","$2,731,714 ",,,,1st Round pick,"$3,474,480 "
352,Mike Dunleavy,ATL,"$1,662,500 ",,,,,,,"$1,662,500 "
353,Delon Wright,TOR,"$1,645,200 ","$2,536,898 ",,,,,1st Round pick,"$4,182,098 "
354,OG Anunoby,TOR,"$1,645,200 ","$1,952,760 ","$2,281,800 ","$3,872,215 ",,,1st Round Pick,"$3,597,960 "
355,Ante Zizic,CLE,"$1,645,200 ","$1,952,760 ","$2,281,800 ","$3,872,215 ",,,1st Round Pick,"$3,597,960 "
356,Caris LeVert,BRK,"$1,632,480 ","$1,702,800 ","$2,625,718 ",,,,1st Round pick,"$3,335,280 "
357,Justin Anderson,PHI,"$1,579,440 ","$2,516,048 ",,,,,1st Round pick,"$4,095,488 "
358,Tyler Lydon,DEN,"$1,579,440 ","$1,874,640 ","$2,190,720 ",,,,1st Round Pick,"$3,454,080 "
359,Jeff Withey,DAL,"$1,577,320 ","$1,795,015 ",,,,,,"$350,000 "
360,Ian Clark,NOP,"$1,577,230 ",,,,,,Minimum Salary,"$1,577,230 "
361,Shabazz Muhammad,MIN,"$1,577,230 ","$1,795,015 ",,,,,,"$1,577,230 "
362,Willie Reed,CHI,"$1,577,230 ",,,,,,,"$1,577,230 "
363,DeAndre Liggins,MIL,"$1,577,230 ",,,,,,,
364,DeAndre' Bembry,ATL,"$1,567,200 ","$1,634,640 ","$2,603,982 ",,,,1st Round pick,"$3,201,840 "
365,Joffrey Lauvergne,SAS,"$1,524,305 ","$1,656,092 ",,,,,,"$1,524,305 "
366,Jerami Grant,OKC,"$1,524,305 ",,,,,,Draft Pick,"$1,524,305 "
367,Johnny O'Bryant,NYK,"$1,524,305 ",,,,,,,"$1,524,305 "
368,Tyler Ennis,LAL,"$1,524,305 ","$1,656,092 ",,,,,Minimum Salary,"$1,524,305 "
369,Julyan Stone,CHO,"$1,524,305 ","$1,656,092 ",,,,,Minimum Salary,"$1,524,305 "
370,Sean Kilpatrick,BRK,"$1,524,305 ",,,,,,,"$1,524,305 "
371,Spencer Dinwiddie,BRK,"$1,524,305 ","$1,656,092 ",,,,,Minimum Salary,"$1,524,305 "
372,Joe Harris,BRK,"$1,524,305 ",,,,,,Minimum Salary,"$1,524,305 "
373,Shane Larkin,BOS,"$1,524,305 ",,,,,,Minimum Salary,"$1,524,305 "
374,Glenn Robinson,IND,"$1,524,305 ",,,,,,,
375,Bobby Brown,HOU,"$1,524,305 ",,,,,,,
376,Bobby Portis,CHI,"$1,516,320 ","$2,494,346 ",,,,,1st Round pick,"$4,010,666 "
377,Malachi Richardson,TOR,"$1,504,560 ","$1,569,360 ","$2,581,597 ",,,,1st Round pick,"$3,073,920 "
378,Arron Afflalo,SAC,"$1,500,000 ",,,,,,,"$1,500,000 "
379,Norman Powell,TOR,"$1,471,382 ","$9,367,200 ","$10,116,576 ","$10,865,952 ","$11,615,328 ",,Cap Space,"$31,821,110 "
380,Josh Richardson,MIA,"$1,471,382 ","$9,300,000 ","$10,100,000 ","$10,800,000 ","$11,600,000 ",,Minimum Salary,"$31,671,382 "
381,Rondae Hollis-Jefferson,BRK,"$1,471,382 ","$2,470,357 ",,,,,1st Round pick,"$3,941,739 "
382,Tyus Jones,MIN,"$1,471,382 ","$2,444,053 ",,,,,1st Round pick,"$3,915,435 "
383,Jarell Martin,MEM,"$1,471,382 ","$2,416,222 ",,,,,1st Round pick,"$3,887,604 "
384,Larry Nance,CLE,"$1,471,382 ","$2,272,391 ",,,,,1st Round pick,"$3,743,773 "
385,T.J. McConnell,PHI,"$1,471,382 ","$1,600,520 ",,,,,Minimum Salary,"$3,071,902 "
386,Troy Williams,HOU,"$1,471,382 ","$1,544,951 ","$1,676,735 ",,,,,"$2,085,087 "
387,Chris McCullough,WAS,"$1,471,382 ",,,,,,1st Round pick,"$1,471,382 "
388,Raul Neto,UTA,"$1,471,382 ",,,,,,,"$1,471,382 "
389,Pat Connaughton,POR,"$1,471,382 ",,,,,,Minimum Salary,"$1,471,382 "
390,Richaun Holmes,PHI,"$1,471,382 ","$1,600,520 ",,,,,Cap Space,"$1,471,382 "
391,Josh Huestis,OKC,"$1,471,382 ",,,,,,,"$1,471,382 "
392,Jordan Mickey,MIA,"$1,471,382 ",,,,,,Minimum Salary,"$1,471,382 "
393,Montrezl Harrell,LAC,"$1,471,382 ",,,,,,,"$1,471,382 "
394,Joe Young,IND,"$1,471,382 ","$1,600,520 ",,,,,Cap Space,"$1,471,382 "
395,Kevon Looney,GSW,"$1,471,382 ",,,,,,1st Round pick,"$1,471,382 "
396,Nikola Jokic,DEN,"$1,471,382 ","$1,600,520 ",,,,,,"$1,471,382 "
397,Salah Mejri,DAL,"$1,471,382 ",,,,,,Minimum Salary,"$1,471,382 "
398,Caleb Swanigan,POR,"$1,465,920 ","$1,740,000 ","$2,033,160 ","$3,665,787 ",,,1st Round Pick,"$3,205,920 "
399,Furkan Korkmaz,PHI,"$1,465,920 ","$1,740,000 ","$2,033,160 ","$3,665,787 ",,,1st Round Pick,"$3,205,920 "
400,Willy Hernangomez,CHO,"$1,435,750 ","$1,544,951 ","$1,701,735 ",,,,Cap Space,"$2,980,701 "
401,Kyle Kuzma,LAL,"$1,423,560 ","$1,689,840 ","$1,974,600 ","$3,562,178 ",,,1st Round Pick,"$3,113,400 "
402,Tony Bradley,UTA,"$1,414,920 ","$1,679,520 ","$1,962,360 ","$3,542,060 ",,,1st Round Pick,"$3,094,440 "
403,Derrick White,SAS,"$1,404,600 ","$1,667,160 ","$1,948,080 ","$3,516,284 ",,,1st Round Pick,"$3,071,760 "
404,Josh Hart,LAL,"$1,394,520 ","$1,655,160 ","$1,934,160 ","$3,491,159 ",,,1st Round Pick,"$3,049,680 "
405,Timothe Luwawu-Cabarrot,PHI,"$1,386,600 ","$1,544,951 ","$2,529,684 ",,,,1st Round pick,"$2,931,551 "
406,Kevin Martin,MIN,"$1,360,305 ","$1,360,305 ",,,,,,"$2,720,610 "
407,Brice Johnson,MEM,"$1,331,160 ",,,,,,,"$1,331,160 "
408,Pascal Siakam,TOR,"$1,312,611 ","$1,544,951 ","$2,351,839 ",,,,1st Round pick,"$2,857,562 "
409,Dejounte Murray,SAS,"$1,312,611 ","$1,544,951 ","$2,321,735 ",,,,1st Round pick,"$2,857,562 "
410,Skal Labissiere,SAC,"$1,312,611 ","$1,544,951 ","$2,338,847 ",,,,1st Round pick,"$2,857,562 "
411,A.J. Hammons,MIA,"$1,312,611 ","$1,544,951 ",,,,,,"$2,857,562 "
412,Deyonta Davis,MEM,"$1,312,611 ","$1,544,951 ",,,,,Cap Space,"$2,857,562 "
413,Chinanu Onuaku,HOU,"$1,312,611 ","$1,544,951 ",,,,,Minimum Salary,"$2,857,562 "
414,Damian Jones,GSW,"$1,312,611 ","$1,544,951 ","$2,305,057 ",,,,1st Round pick,"$2,857,562 "
415,Wayne Selden,MEM,"$1,312,611 ","$1,544,951 ",,,,,,"$2,085,087 "
416,Cheick Diallo,NOP,"$1,312,611 ","$1,544,951 ",,,,,Minimum Salary,"$1,812,611 "
417,Joel Bolomboy,UTA,"$1,312,611 ",,,,,,,"$1,312,611 "
418,Davis Bertans,SAS,"$1,312,611 ",,,,,,Minimum Salary,"$1,312,611 "
419,Bryn Forbes,SAS,"$1,312,611 ",,,,,,Minimum Salary,"$1,312,611 "
420,Jake Layman,POR,"$1,312,611 ","$1,544,951 ",,,,,Cap Space,"$1,312,611 "
421,Tyler Ulis,PHO,"$1,312,611 ","$1,544,951 ","$1,676,735 ",,,,Cap Space,"$1,312,611 "
422,Marcus Georges-Hunt,MIN,"$1,312,611 ",,,,,,Minimum Salary,"$1,312,611 "
423,Malcolm Brogdon,MIL,"$1,312,611 ","$1,544,951 ",,,,,Cap Space,"$1,312,611 "
424,Rodney McGruder,MIA,"$1,312,611 ","$1,544,951 ",,,,,Minimum Salary,"$1,312,611 "
425,Andrew Harrison,MEM,"$1,312,611 ","$1,544,951 ",,,,,Cap Space,"$1,312,611 "
426,Ivica Zubac,LAL,"$1,312,611 ","$1,544,951 ",,,,,Cap Space,"$1,312,611 "
427,Patrick McCaw,GSW,"$1,312,611 ",,,,,,Minimum Salary,"$1,312,611 "
428,Dorian Finney-Smith,DAL,"$1,312,611 ","$1,544,951 ",,,,,Minimum Salary,"$1,312,611 "
429,Yogi Ferrell,DAL,"$1,312,611 ",,,,,,Minimum Salary,"$1,312,611 "
430,Treveon Graham,CHO,"$1,312,611 ",,,,,,Minimum Salary,"$1,312,611 "
431,Paul Zipser,CHI,"$1,312,611 ","$1,544,951 ","$1,676,735 ",,,,Cap Space,"$1,312,611 "
432,David Nwaba,CHI,"$1,312,611 ",,,,,,Minimum Salary,"$1,312,611 "
433,Isaiah Whitehead,BRK,"$1,312,611 ","$1,544,951 ","$1,676,735 ",,,,Cap Space,"$1,312,611 "
434,Diamond Stone,ATL,"$1,312,611 ",,,,,,,"$1,312,611 "
435,Sheldon Mac,ATL,"$1,312,611 ",,,,,,,"$1,312,611 "
436,Okaro White,ATL,"$1,312,611 ",,,,,,,"$1,312,611 "
437,Nicolas Brussino,ATL,"$1,312,611 ",,,,,,,"$1,312,611 "
438,Isaiah Taylor,ATL,"$1,312,611 ","$1,544,951 ",,,,,Minimum Salary,"$1,312,611 "
439,Kay Felder,CHI,"$1,312,611 ","$1,544,951 ",,,,,,"$456,529 "
440,Fred VanVleet,TOR,"$1,312,611 ",,,,,,,
441,Derrick Jones,PHO,"$1,312,611 ",,,,,,,
442,Chasson Randle,NYK,"$1,312,611 ",,,,,,,
443,Stephen Zimmerman,LAL,"$1,312,611 ",,,,,,,
444,Semi Ojeleye,BOS,"$1,291,892 ","$1,378,242 ","$1,618,520 ","$1,752,950 ",,,,"$2,193,857 "
445,Frank Mason,SAC,"$1,184,385 ","$1,378,242 ","$1,618,520 ",,,,,"$2,562,627 "
446,Abdel Nader,BOS,"$1,167,333 ","$1,378,242 ","$1,618,520 ","$1,752,950 ",,,,"$1,617,333 "
447,Damyean Dotson,NYK,"$1,100,000 ","$1,378,242 ","$1,618,520 ",,,,Minimum Salary,"$2,478,242 "
448,Paul Pierce,LAC,"$1,096,080 ",,,,,,,"$1,096,080 "
449,Isaiah Canaan,PHO,"$1,069,308 ",,,,,,,"$1,069,308 "
450,Wesley Iwundu,ORL,"$1,050,000 ","$1,378,242 ","$1,618,520 ",,,,,"$2,428,242 "
451,Livio Jean-Charles,SAS,"$1,035,200 ",,,,,,,"$1,035,200 "
452,Justin Hamilton,TOR,"$1,000,000 ","$1,000,000 ","$1,000,000 ",,,,,"$3,000,000 "
453,Gerald Henderson,PHI,"$1,000,000 ",,,,,,,"$1,000,000 "
454,Rade Zagorac,MEM,"$950,000 ","$1,378,242 ",,,,,,"$2,328,242 "
455,Ivan Rabb,MEM,"$950,000 ","$1,378,242 ","$1,618,520 ",,,,MLE,"$2,328,242 "
456,Ike Anigbogu,IND,"$950,000 ","$1,378,242 ","$1,618,520 ",,,,Cap space,"$1,640,000 "
457,Gerald Green,HOU,"$947,248 ",,,,,,Minimum Salary,"$947,248 "
458,Jason Thompson,GSW,"$945,126 ","$945,126 ",,,,,,"$1,890,252 "
459,Martell Webster,WAS,"$830,000 ","$830,000 ",,,,,,"$1,660,000 "
460,Frank Jackson,NOP,"$815,615 ","$1,378,242 ","$1,618,520 ",,,,MLE,"$2,699,857 "
461,Jordan Bell,GSW,"$815,615 ","$1,378,252 ",,,,,Minimum Salary,"$2,193,867 "
462,Dakari Johnson,OKC,"$815,615 ","$1,378,242 ",,,,,,"$2,193,857 "
463,Sterling Brown,MIL,"$815,615 ","$1,378,242 ","$1,618,520 ",,,,MLE,"$2,193,857 "
464,Dillon Brooks,MEM,"$815,615 ","$1,378,242 ","$1,618,520 ",,,,MLE,"$2,193,857 "
465,Sindarius Thornwell,LAC,"$815,615 ","$1,378,242 ","$1,618,520 ",,,,MLE,"$2,193,857 "
466,Jawun Evans,LAC,"$815,615 ","$1,378,242 ","$1,618,520 ",,,,MLE,"$2,193,857 "
467,Dwayne Bacon,CHO,"$815,615 ","$1,378,242 ","$1,618,520 ",,,,MLE,"$2,193,857 "
468,Tyler Dorsey,ATL,"$815,615 ","$1,378,242 ",,,,,Minimum Salary,"$2,193,857 "
469,Davon Reed,PHO,"$815,615 ","$1,378,242 ","$1,618,520 ",,,,Minimum Salary,"$1,504,736 "
470,Royce O'Neale,UTA,"$815,615 ","$1,378,242 ","$1,618,520 ",,,,Cap space,"$815,615 "
471,Alfonzo McKinnie,TOR,"$815,615 ","$1,378,242 ",,,,,Minimum Salary,"$815,615 "
472,Brandon Paul,SAS,"$815,615 ","$1,378,242 ",,,,,Minimum Salary,"$815,615 "
473,Khem Birch,ORL,"$815,615 ","$1,378,242 ",,,,,Minimum Salary,"$815,615 "
474,Thomas Bryant,LAL,"$815,615 ","$1,378,242 ",,,,,Minimum Salary,"$815,615 "
475,Zhou Qi,HOU,"$815,615 ","$1,378,242 ","$1,618,520 ","$1,752,950 ",,,MLE,"$815,615 "
476,Maxi Kleber,DAL,"$815,615 ","$1,378,242 ",,,,,Minimum Salary,"$815,615 "
477,Daniel Theis,BOS,"$815,615 ","$1,378,242 ",,,,,Minimum Salary,"$815,615 "
478,Sean Kilpatrick,MIL,"$789,725 ",,,,,,,"$789,725 "
479,Trey Burke,NYK,"$784,160 ","$1,795,015 ",,,,,Minimum Salary,"$784,160 "
480,Alex Poythress,IND,"$778,668 ","$1,544,951 ",,,,,Two-Way Converted,"$778,668 "
481,Marco Belinelli,PHI,"$776,217 ",,,,,,,
482,Joe Johnson,HOU,"$749,905 ",,,,,,,
483,Dwight Buycks,DET,"$748,160 ","$1,600,520 ",,,,,Two-Way Converted,"$748,160 "
484,Tyler Cavanaugh,ATL,"$679,919 ","$1,378,242 ",,,,,,"$729,919 "
485,Carlos Delfino,LAC,"$650,000 ","$650,000 ",,,,,,"$1,300,000 "
486,Caron Butler,SAC,"$517,220 ","$517,220 ",,,,,,"$1,034,440 "
487,Jordan Farmar,LAC,"$510,921 ",,,,,,,"$510,921 "
488,Ersan Ilyasova,PHI,"$502,328 ",,,,,,,
489,Leandro Barbosa,PHO,"$500,000 ",,,,,,,"$500,000 "
490,Tibor Pleiss,PHI,"$500,000 ",,,,,,,"$500,000 "
491,Michael Gbinije,DET,"$500,000 ",,,,,,,"$500,000 "
492,Aaron Gray,DET,"$452,059 ",,,,,,,"$452,059 "
493,Festus Ezeli,POR,"$333,334 ","$333,333 ","$333,333 ",,,,,"$1,000,000 "
494,C.J. Watson,ORL,"$333,334 ","$333,333 ","$333,333 ",,,,,"$1,000,000 "
495,Gal Mekel,DAL,"$315,760 ",,,,,,,"$315,760 "
496,Miroslav Raduljica,LAC,"$300,000 ","$300,000 ",,,,,,"$600,000 "
497,Cameron Oliver,HOU,"$300,000 ",,,,,,,"$300,000 "
498,Ramon Sessions,WAS,"$263,124 ",,,,,,,
499,Jordan Crawford,NOP,"$250,000 ",,,,,,,"$250,000 "
500,Emeka Okafor,NOP,"$239,204 ",,,,,,,"$239,204 "
501,Brandon Jennings,MIL,"$238,020 ",,,,,,,
502,Wade Baldwin,POR,"$222,476 ",,,,,,,
503,Isaiah Canaan,CHI,"$200,000 ",,,,,,,"$200,000 "
504,Rakeem Christmas,IND,"$172,552 ",,,,,,,"$172,552 "
505,DeAndre Liggins,NOP,"$172,238 ",,,,,,,"$172,238 "
506,Sean Kilpatrick,LAC,"$172,238 ",,,,,,,
507,Rashad Vaughn,ORL,"$166,258 ",,,,,,,
508,David Stockton,UTA,"$148,318 ",,,,,,,
509,Troy Williams,NYK,"$148,318 ",,,,,,,
510,Larry Drew,NOP,"$148,318 ",,,,,,,
511,Travis Wear,LAL,"$148,318 ",,,,,,,
512,Carrick Felix,WAS,"$140,902 ",,,,,,,"$140,902 "
513,Brandon Rush,POR,"$119,602 ",,,,,,,
514,Jeremy Evans,ATL,"$104,059 ",,,,,,,"$50,000 "
515,Derrick Williams,LAL,"$104,059 ",,,,,,,
516,K.J. McDaniels,TOR,"$100,000 ",,,,,,,"$100,000 "
517,Marshall Plumlee,NYK,"$100,000 ",,,,,,,"$100,000 "
518,Georges Niang,IND,"$100,000 ",,,,,,,"$100,000 "
519,Quinn Cook,ATL,"$100,000 ",,,,,,,"$100,000 "
520,Demetrius Jackson,BOS,"$92,858 ","$92,857 ","$92,857 ","$92,857 ","$92,857 ",,,"$650,000 "
521,Kyle Collinsworth,DAL,"$92,160 ",,,,,,,"$142,160 "
522,Josh Gray,PHO,"$92,160 ",,,,,,,"$92,160 "
523,Naz Mitrou-Long,UTA,"$92,160 ",,,,,,,"$50,000 "
524,Nigel Hayes,TOR,"$92,160 ",,,,,,,
525,Shaquille Harrison,PHO,"$92,160 ",,,,,,,
526,Rodney Purvis,ORL,"$92,160 ",,,,,,,
527,Walt Lemon Jr.,NOP,"$92,160 ",,,,,,,
528,Jaylen Morris,ATL,"$92,160 ",,,,,,,
529,Antonius Cleveland,ATL,"$92,160 ",,,,,,,
530,Damion Lee,ATL,"$92,160 ",,,,,,,
531,Mike James,PHO,"$87,552 ",,,,,,,"$87,552 "
532,MarShon Brooks,MEM,"$86,119 ",,,,,,,
533,Jarell Eddie,BOS,"$83,129 ",,,,,,,"$83,129 "
534,Jarell Eddie,CHI,"$83,129 ",,,,,,,"$17,224 "
535,Briante Weber,MEM,"$83,129 ",,,,,,,
536,Marquis Teague,MEM,"$83,129 ",,,,,,,
537,Aaron Harrison,DAL,"$83,129 ",,,,,,,
538,Demetrius Jackson,HOU,"$74,159 ",,,,,,,"$124,159 "
539,Georgios Papagiannis,POR,"$74,159 ",,,,,,,
540,Scotty Hopson,DAL,"$74,159 ",,,,,,,
541,Okaro White,CLE,"$74,159 ",,,,,,,
542,Xavier Silas,BOS,"$74,159 ",,,,,,,
543,Isaiah Canaan,HOU,"$53,465 ",,,,,,,"$53,465 "
544,Tyler Cavanaugh,ATL,"$50,000 ",,,,,,,"$729,919 "
545,Kyle Collinsworth,DAL,"$50,000 ",,,,,,,"$142,160 "
546,Demetrius Jackson,HOU,"$50,000 ",,,,,,,"$124,159 "
547,Daniel Ochefu,WAS,"$50,000 ",,,,,,,"$50,000 "
548,Michael Young,WAS,"$50,000 ",,,,,,,"$50,000 "
549,Eric Griffin,UTA,"$50,000 ",,,,,,,"$50,000 "
550,Nate Wolters,UTA,"$50,000 ",,,,,,,"$50,000 "
551,Naz Mitrou-Long,UTA,"$50,000 ",,,,,,,"$50,000 "
552,James Michael McAdoo,PHI,"$50,000 ",,,,,,,"$50,000 "
553,Jacob Pullen,PHI,"$50,000 ",,,,,,,"$50,000 "
554,Nigel Hayes,NYK,"$50,000 ",,,,,,,"$50,000 "
555,Jalen Moore,MIL,"$50,000 ",,,,,,,"$50,000 "
556,Gary Payton,MIL,"$50,000 ",,,,,,,"$50,000 "
557,Matt Williams,MIA,"$50,000 ",,,,,,,"$50,000 "
558,Vince Hunter,MEM,"$50,000 ",,,,,,,"$50,000 "
559,V.J. Beachem,LAL,"$50,000 ",,,,,,,"$50,000 "
560,Briante Weber,LAL,"$50,000 ",,,,,,,"$50,000 "
561,Vander Blue,LAL,"$50,000 ",,,,,,,"$50,000 "
562,Jamil Wilson,LAC,"$50,000 ",,,,,,,"$50,000 "
563,Briante Weber,HOU,"$50,000 ",,,,,,,"$50,000 "
564,Luis Montero,DET,"$50,000 ",,,,,,,"$50,000 "
565,Antonius Cleveland,DAL,"$50,000 ",,,,,,,"$50,000 "
566,Gian Clavell,DAL,"$50,000 ",,,,,,,"$50,000 "
567,Diamond Stone,CHI,"$50,000 ",,,,,,,"$50,000 "
568,Yakuba Ouattara,BRK,"$50,000 ",,,,,,,"$50,000 "
569,Jeremy Evans,ATL,"$50,000 ",,,,,,,"$50,000 "
570,Nigel Hayes,LAL,"$46,080 ",,,,,,,"$46,080 "
571,Xavier Rathan-Mayes,MEM,"$46,080 ",,,,,,,
572,Trey McKinney-Jones,IND,"$46,080 ",,,,,,,
573,Le'Bryan Nash,HOU,"$46,080 ",,,,,,,
574,Jameel Warney,DAL,"$46,080 ",,,,,,,
575,Marcus Thornton,CLE,"$46,080 ",,,,,,,
576,DeAndre Liggins,ATL,"$26,773 ",,,,,,,"$26,773 "
577,Quinn Cook,NOP,"$25,000 ",,,,,,,"$25,000 "
578,Axel Toupane,NOP,"$25,000 ",,,,,,,"$25,000 "
579,Chris Johnson,HOU,"$25,000 ",,,,,,,"$25,000 "
580,Beno Udrih,DET,"$25,000 ",,,,,,,"$25,000 "
581,Joel Bolomboy,MIL,"$22,248 ",,,,,,,"$22,248 "
582,Jarell Eddie,CHI,"$17,224 ",,,,,,,"$17,224 "
