,0,1,2,3,4,5,6,7,8
0,RK,NAME,TEAM,GP,MPG,ORPM,DRPM,RPM,WINS
1,1,"LeBron James, SF",CLE,74,37.8,6.49,1.93,8.42,20.43
2,2,"Stephen Curry, PG",GS,79,33.4,7.27,0.14,7.41,18.80
3,3,"Jimmy Butler, SG",CHI,76,37.0,4.82,1.80,6.62,17.35
4,4,"Russell Westbrook, PG",OKC,81,34.6,6.74,-0.47,6.27,17.34
5,5,"Draymond Green, PF",GS,76,32.5,1.55,5.59,7.14,16.84
6,6,"Rudy Gobert, C",UTAH,81,33.9,0.35,6.02,6.37,15.55
7,7,"James Harden, PG",HOU,81,36.4,6.38,-1.57,4.81,15.54
8,8,"Kawhi Leonard, SF",SA,74,33.4,5.83,1.25,7.08,15.53
9,9,"Chris Paul, PG",LAC,61,31.5,5.16,2.76,7.92,13.48
10,10,"Nikola Jokic, C",DEN,73,27.9,4.44,2.29,6.73,13.18
11,11,"Giannis Antetokounmpo, PF",MIL,80,35.6,2.35,1.86,4.21,13.00
12,12,"Anthony Davis, PF",NO,75,36.1,0.45,3.90,4.35,12.81
13,13,"Kyle Lowry, PG",TOR,60,37.4,4.70,1.18,5.88,12.67
14,14,"DeAndre Jordan, C",LAC,81,31.7,1.11,3.44,4.55,12.59
15,15,"Kevin Durant, SF",GS,62,33.4,4.41,1.33,5.74,12.24
16,16,"Paul Millsap, PF",ATL,69,34.0,1.23,3.35,4.58,11.51
17,17,"DeMarcus Cousins, C",NO/SAC,72,34.2,3.56,0.64,4.20,11.26
18,18,"Otto Porter Jr., SF",WSH,80,32.6,3.12,0.44,3.56,11.21
19,19,"Damian Lillard, PG",POR,75,35.9,4.63,-1.49,3.14,10.72
20,20,"Jae Crowder, PF",BOS,72,32.4,2.20,1.69,3.89,10.52
21,21,"Mike Conley, PG",MEM,69,33.2,4.67,-0.20,4.47,10.50
22,22,"Karl-Anthony Towns, C",MIN,82,37.0,3.54,-1.41,2.13,10.00
23,23,"Kemba Walker, PG",CHA,79,34.7,3.93,-1.25,2.68,9.95
24,24,"John Wall, PG",WSH,78,36.4,3.52,-1.26,2.26,9.90
25,25,"Kevin Love, C",CLE,60,31.4,2.77,2.26,5.03,9.76
26,26,"Gorgui Dieng, C",MIN,82,32.4,-0.80,3.52,2.72,9.73
27,27,"Paul George, SF",IND,75,35.9,2.67,-0.09,2.58,9.72
28,28,"Klay Thompson, SG",GS,78,34.0,2.78,-0.45,2.33,9.53
29,29,"Gordon Hayward, SF",UTAH,73,34.5,3.14,-0.08,3.06,9.45
30,30,"Myles Turner, C",IND,81,31.4,0.09,2.57,2.66,9.31
31,31,"Trevor Ariza, SF",HOU,80,34.7,0.86,1.07,1.93,9.29
32,32,"Bradley Beal, SG",WSH,77,34.9,3.29,-1.04,2.25,9.26
33,33,"Robert Covington, SF",PHI,67,31.6,-0.77,4.32,3.55,9.23
34,34,"Blake Griffin, PF",LAC,61,34.0,3.02,0.76,3.78,9.20
35,35,"Andre Iguodala, SF",GS,76,26.3,2.01,1.52,3.53,8.72
36,36,"Ricky Rubio, PG",MIN,75,32.9,1.73,0.76,2.49,8.72
37,37,"Marc Gasol, C",MEM,74,34.2,1.86,0.72,2.58,8.69
38,38,"Danilo Gallinari, SF",DEN,63,33.9,2.67,0.21,2.88,8.39
39,39,"Kyrie Irving, PG",CLE,72,35.1,4.35,-2.30,2.05,8.28
40,40,"Isaiah Thomas, PG",BOS,76,33.8,5.72,-3.89,1.83,8.19
0,RK,NAME,TEAM,GP,MPG,ORPM,DRPM,RPM,WINS
1,41,"Hassan Whiteside, C",MIA,77,32.6,-0.69,2.72,2.03,8.15
2,42,"Jeff Teague, PG",IND,82,32.4,1.86,-0.22,1.64,8.08
3,43,"Markieff Morris, PF",WSH,76,31.2,-0.55,2.41,1.86,7.61
4,44,"Brook Lopez, C",BKN,75,29.6,1.40,0.55,1.95,7.59
5,45,"Patrick Beverley, PG",HOU,67,30.7,1.11,1.37,2.48,7.56
6,46,"CJ McCollum, SG",POR,80,35.0,3.01,-1.87,1.14,7.52
7,47,"James Johnson, PF",MIA,76,27.4,0.42,1.94,2.36,7.31
8,48,"Amir Johnson, C",BOS,80,20.1,0.22,3.58,3.80,7.02
9,49,"Steven Adams, C",OKC,80,29.9,-0.30,1.68,1.38,7.01
10,50,"Cody Zeller, C",CHA,62,27.8,-0.07,3.42,3.35,6.97
11,51,"Al Horford, PF",BOS,68,32.3,0.76,1.06,1.82,6.93
12,52,"Jrue Holiday, PG",NO,67,32.7,0.64,1.18,1.82,6.89
13,53,"Victor Oladipo, SG",OKC,67,33.2,0.10,1.56,1.66,6.88
14,54,"Eric Bledsoe, PG",PHX,66,33.0,2.33,-0.64,1.69,6.85
15,55,"Ersan Ilyasova, PF",ATL/PHI/OKC,82,26.1,0.98,0.74,1.72,6.83
16,56,"Lou Williams, SG",HOU/LAL,81,24.6,3.65,-1.68,1.97,6.73
17,57,"Nicolas Batum, SG",CHA,77,34.0,1.30,-0.35,0.95,6.73
18,58,"Andre Roberson, SG",OKC,79,30.1,-1.40,2.64,1.24,6.73
19,59,"Joe Ingles, SF",UTAH,82,24.0,2.29,0.26,2.55,6.68
20,60,"Tobias Harris, SF",DET,82,31.3,1.19,-0.25,0.94,6.55
21,61,"Kristaps Porzingis, PF",NY,66,32.8,-0.31,1.90,1.59,6.54
22,62,"Ryan Anderson, PF",HOU,72,29.4,1.63,-0.12,1.51,6.46
23,63,"Eric Gordon, SG",HOU,75,31.0,1.51,-0.48,1.03,6.36
24,64,"Goran Dragic, PG",MIA,73,33.7,2.54,-1.62,0.92,6.30
25,65,"George Hill, PG",UTAH,49,31.5,2.64,1.11,3.75,6.28
26,66,"PJ Tucker, SF",PHX/TOR,81,27.6,-0.69,1.78,1.09,5.98
27,67,"Marcus Smart, PG",BOS,79,30.4,0.26,0.49,0.75,5.98
28,68,"Marcus Morris, PF",DET,79,32.5,-0.11,0.63,0.52,5.85
29,69,"LaMarcus Aldridge, PF",SA,72,32.4,-0.09,1.05,0.96,5.79
30,70,"Serge Ibaka, PF",ORL/TOR,79,30.7,-0.51,1.08,0.57,5.70
31,71,"Nikola Mirotic, PF",CHI,70,24.0,0.92,1.31,2.23,5.69
32,72,"Maurice Harkless, SF",POR,77,28.9,0.38,0.49,0.87,5.67
33,73,"Thaddeus Young, PF",IND,74,30.2,-1.09,1.94,0.85,5.66
34,74,"Malcolm Brogdon, PG",MIL,75,26.4,1.86,-0.42,1.44,5.66
35,75,"Dwight Howard, C",ATL,74,29.7,-1.70,2.60,0.90,5.65
36,76,"Mason Plumlee, C",DEN/POR,81,26.5,0.71,0.22,0.93,5.60
37,77,"Pau Gasol, C",SA,64,25.4,0.86,1.49,2.35,5.48
38,78,"DeMar DeRozan, SG",TOR,74,35.4,2.21,-2.04,0.17,5.46
39,79,"Tim Hardaway Jr., SF",ATL,79,27.3,1.90,-1.08,0.82,5.45
40,80,"Nikola Vucevic, C",ORL,75,28.8,-1.38,2.15,0.77,5.44
0,RK,NAME,TEAM,GP,MPG,ORPM,DRPM,RPM,WINS
1,81,"Patrick Patterson, PF",TOR,65,24.6,1.05,1.26,2.31,5.40
2,82,"Solomon Hill, SF",NO,80,29.7,-1.06,1.49,0.43,5.40
3,83,"Elfrid Payton, PG",ORL,82,29.4,1.12,-0.78,0.34,5.38
4,84,"Greg Monroe, C",MIL,81,22.5,1.08,0.47,1.55,5.34
5,85,"Aaron Gordon, PF",ORL,80,28.7,1.25,-0.78,0.47,5.32
6,86,"Michael Kidd-Gilchrist, SF",CHA,81,29.0,-1.97,2.47,0.50,5.31
7,87,"Carmelo Anthony, PF",NY,74,34.3,1.87,-1.75,0.12,5.26
8,88,"Zaza Pachulia, C",GS,70,18.1,-0.31,3.23,2.92,5.12
9,89,"Wesley Matthews, SG",DAL,73,34.2,0.09,0.11,0.20,5.06
10,90,"Marcin Gortat, C",WSH,82,31.2,-1.25,1.18,-0.07,5.01
11,91,"Patty Mills, PG",SA,80,21.9,2.53,-1.26,1.27,4.86
12,92,"Al-Farouq Aminu, PF",POR,61,29.1,-1.86,3.13,1.27,4.86
13,93,"Danny Green, SG",SA,68,26.6,-0.45,1.71,1.26,4.83
14,94,"Vince Carter, SG",MEM,73,24.7,1.36,-0.06,1.30,4.81
15,95,"Harrison Barnes, SF",DAL,79,35.5,-0.44,0.11,-0.33,4.78
16,96,"Tyler Johnson, SG",MIA,73,29.8,0.13,0.18,0.31,4.72
17,97,"DeMarre Carroll, SF",TOR,72,26.1,0.00,0.83,0.83,4.66
18,98,"Manu Ginobili, SG",SA,69,18.7,1.43,1.00,2.43,4.64
19,99,"Tristan Thompson, C",CLE,78,29.9,-1.31,1.31,0.00,4.62
20,100,"Seth Curry, SG",DAL,70,29.0,0.52,0.01,0.53,4.51
21,101,"Dewayne Dedmon, C",SA,76,17.5,-1.63,3.94,2.31,4.49
22,102,"Ish Smith, PG",DET,81,24.1,0.28,0.25,0.53,4.48
23,103,"Luc Mbah a Moute, PF",LAC,80,22.3,-1.56,2.32,0.76,4.43
24,104,"Frank Kaminsky, PF",CHA,75,26.1,0.96,-0.51,0.45,4.40
25,105,"Nene Hilario, C",HOU,67,17.9,-1.31,3.62,2.31,4.39
26,106,"Marvin Williams, PF",CHA,76,30.2,-0.02,-0.07,-0.09,4.36
27,107,"Andre Drummond, C",DET,81,29.7,-1.80,1.55,-0.25,4.33
28,108,"Taj Gibson, PF",CHI/OKC,78,25.5,-1.76,2.02,0.26,4.29
29,109,"Gary Harris, SG",DEN,57,31.3,2.88,-2.37,0.51,4.29
30,110,"Jameer Nelson, PG",DEN,75,27.3,0.45,-0.44,0.01,4.17
31,111,"Jonas Valanciunas, C",TOR,80,25.8,-0.74,0.75,0.01,4.06
32,112,"Terrence Ross, SG",ORL/TOR,78,25.1,1.36,-1.23,0.13,4.06
33,113,"Lucas Nogueira, C",TOR,57,19.1,-0.61,3.34,2.73,4.03
34,114,"Kentavious Caldwell-Pope, SG",DET,76,33.3,0.71,-1.31,-0.60,4.02
35,115,"David Lee, PF",SA,79,18.7,-0.38,1.50,1.12,3.98
36,116,"Jared Dudley, SF",PHX,64,21.3,-0.67,1.89,1.22,3.94
37,117,"JaMychal Green, PF",MEM,77,27.3,-0.41,0.39,-0.02,3.94
38,118,"JJ Redick, SG",LAC,78,28.2,1.73,-2.11,-0.38,3.86
39,119,"CJ Miles, SF",IND,76,23.4,1.30,-0.95,0.35,3.85
40,120,"Nick Young, SG",LAL,60,25.9,2.28,-1.63,0.65,3.82
0,RK,NAME,TEAM,GP,MPG,ORPM,DRPM,RPM,WINS
1,121,"Larry Nance Jr., PF",LAL,63,22.9,-1.26,2.16,0.90,3.79
2,122,"Tony Allen, SG",MEM,71,27.0,-2.03,2.15,0.12,3.76
3,123,"Channing Frye, PF",CLE,74,18.9,1.62,-0.58,1.04,3.70
4,124,"Marreese Speights, PF",LAC,82,15.7,0.67,0.69,1.36,3.66
5,125,"Wayne Ellington, SG",MIA,62,24.2,2.26,-1.60,0.66,3.58
6,126,"Tyson Chandler, C",PHX,47,27.6,-1.06,2.20,1.14,3.55
7,127,"Thabo Sefolosha, SF",ATL,62,25.7,-1.93,2.27,0.34,3.55
8,128,"Kelly Olynyk, PF",BOS,75,20.5,-0.31,0.81,0.50,3.54
9,129,"Darren Collison, PG",SAC,68,30.3,1.06,-1.47,-0.41,3.44
10,130,"Courtney Lee, SG",NY,77,31.9,0.58,-1.51,-0.93,3.40
11,131,"Jusuf Nurkic, C",DEN/POR,65,21.4,-2.11,2.73,0.62,3.32
12,132,"Trevor Booker, PF",BKN,71,24.7,-2.29,2.00,-0.29,3.30
13,133,"Tony Snell, SG",MIL,80,29.2,-0.02,-0.85,-0.87,3.29
14,134,"Rondae Hollis-Jefferson, SF",BKN,78,22.6,-2.16,1.78,-0.38,3.29
15,135,"Devin Booker, SG",PHX,78,35.0,1.28,-2.58,-1.30,3.29
16,136,"Nemanja Bjelica, PF",MIN,65,18.3,-0.71,1.94,1.23,3.24
17,137,"Rudy Gay, SF",SAC,30,33.8,-0.21,1.96,1.75,3.10
18,138,"Jerian Grant, PG",CHI,63,16.3,0.50,1.07,1.57,3.03
19,139,"Dirk Nowitzki, C",DAL,54,26.4,-0.38,0.64,0.26,3.02
20,140,"Deron Williams, PG",CLE/DAL,64,25.9,0.69,-0.91,-0.22,2.95
21,141,"Nerlens Noel, C",DAL/PHI,51,20.5,-1.33,2.58,1.25,2.95
22,142,"Andrew Wiggins, SF",MIN,82,37.2,1.56,-3.16,-1.60,2.94
23,143,"Evan Fournier, SG",ORL,68,32.9,0.07,-1.17,-1.10,2.89
24,144,"Justin Holiday, SG",NY,82,20.0,-0.58,0.25,-0.33,2.87
25,145,"T.J. McConnell, PG",PHI,81,26.3,-1.32,0.23,-1.09,2.86
26,146,"Kyle Anderson, SF",SA,72,14.2,-1.81,3.11,1.30,2.84
27,147,"Clint Capela, C",HOU,65,23.9,-1.47,1.12,-0.35,2.82
28,148,"Jason Terry, SG",MIL,74,18.4,-0.41,0.61,0.20,2.81
29,149,"David West, PF",GS,68,12.6,-1.47,3.54,2.07,2.81
30,150,"Dion Waiters, SG",MIA,46,30.1,0.12,-0.07,0.05,2.80
31,151,"Kosta Koufos, C",SAC,71,20.0,-2.78,2.83,0.05,2.79
32,152,"Jon Leuer, PF",DET,75,25.9,-1.43,0.58,-0.85,2.78
33,153,"Luol Deng, SF",LAL,56,26.5,-1.87,1.54,-0.33,2.69
34,154,"Wilson Chandler, SF",DEN,71,30.9,0.30,-1.54,-1.24,2.69
35,155,"Garrett Temple, SF",SAC,65,26.6,-0.14,-0.46,-0.60,2.67
36,156,"Ty Lawson, PG",SAC,69,25.1,0.49,-1.21,-0.72,2.63
37,157,"Aron Baynes, C",DET,75,15.5,-2.45,2.93,0.48,2.63
38,158,"Jabari Parker, PF",MIL,51,33.9,0.83,-1.61,-0.78,2.59
39,159,"Joe Johnson, SG",UTAH,78,23.6,0.79,-1.56,-0.77,2.58
40,160,"Devin Harris, PG",DAL,65,16.7,0.38,0.32,0.70,2.58
0,RK,NAME,TEAM,GP,MPG,ORPM,DRPM,RPM,WINS
1,161,"Dwyane Wade, SG",CHI,60,29.9,-0.45,-0.46,-0.91,2.52
2,162,"Luke Babbitt, SF",MIA,68,15.7,-0.64,1.24,0.60,2.50
3,163,"James Ennis III, SF",MEM,64,23.5,-1.13,1.40,0.27,2.48
4,164,"Joel Embiid, C",PHI,31,25.4,-0.57,2.27,1.70,2.46
5,165,"Khris Middleton, SF",MIL,29,30.7,0.14,1.26,1.40,2.44
6,166,"Iman Shumpert, SG",CLE,76,25.5,-0.98,-0.16,-1.14,2.43
7,167,"Robin Lopez, C",CHI,81,28.0,-2.07,0.63,-1.44,2.42
8,168,"Kent Bazemore, SG",ATL,73,26.9,-0.69,-0.50,-1.19,2.41
9,169,"Enes Kanter, C",OKC,72,21.3,0.56,-1.24,-0.68,2.40
10,170,"Willy Hernangomez, C",NY,72,18.4,-0.75,0.40,-0.35,2.37
11,171,"Kyle O'Quinn, C",NY,79,15.6,-1.28,1.16,-0.12,2.31
12,172,"Dante Cunningham, SF",NO,66,25.0,-0.37,-0.56,-0.93,2.29
13,173,"Spencer Dinwiddie, PG",BKN,59,22.6,-0.80,0.31,-0.49,2.29
14,174,"Rodney Hood, SG",UTAH,59,27.0,-0.26,-0.51,-0.77,2.23
15,175,"Salah Mejri, C",DAL,73,12.4,-2.71,3.66,0.95,2.23
16,176,"Jeremy Lin, PG",BKN,36,24.5,0.48,-0.03,0.45,2.21
17,177,"Will Barton, SF",DEN,60,28.4,0.05,-1.20,-1.15,2.20
18,178,"Marco Belinelli, SG",CHA,74,24.0,0.67,-1.87,-1.20,2.15
19,179,"Brandon Jennings, PG",NY/WSH,81,22.2,0.25,-1.50,-1.25,2.15
20,180,"Mike Muscala, PF",ATL,70,17.7,-0.02,-0.36,-0.38,2.11
21,181,"Matt Barnes, SF",GS/SAC,74,24.0,-1.18,-0.09,-1.27,2.07
22,182,"JaVale McGee, C",GS,77,9.6,0.83,0.11,0.94,2.04
23,183,"Rodney McGruder, SG",MIA,78,25.2,-0.58,-0.90,-1.48,2.04
24,184,"Richaun Holmes, PF",PHI,57,20.9,-0.32,-0.18,-0.50,2.01
25,185,"Corey Brewer, SF",HOU/LAL,82,15.6,-1.75,1.00,-0.75,1.99
26,186,"Jonathon Simmons, SF",SA,78,17.8,-2.03,1.12,-0.91,1.94
27,187,"Anthony Tolliver, PF",SAC,65,22.7,-0.07,-0.97,-1.04,1.93
28,188,"Jamal Murray, PG",DEN,82,21.5,0.06,-1.57,-1.51,1.86
29,189,"Zach Randolph, PF",MEM,73,24.5,-0.37,-1.05,-1.42,1.83
30,190,"Julius Randle, PF",LAL,74,28.8,-0.79,-1.03,-1.82,1.83
31,191,"Tarik Black, PF",LAL,67,16.3,-2.50,1.96,-0.54,1.81
32,192,"Jason Smith, PF",WSH,74,14.4,-1.08,0.54,-0.54,1.75
33,193,"Alan Williams, PF",PHX,47,15.1,-0.94,1.49,0.55,1.75
34,194,"Dario Saric, PF",PHI,81,26.3,-1.25,-0.62,-1.87,1.74
35,195,"Derrick Favors, PF",UTAH,50,23.7,-2.76,2.06,-0.70,1.73
36,196,"Willie Cauley-Stein, C",SAC,75,18.9,-2.07,0.90,-1.17,1.72
37,197,"D'Angelo Russell, PG",LAL,63,28.7,0.75,-2.45,-1.70,1.69
38,198,"Terry Rozier, PG",BOS,74,17.1,-1.05,-0.01,-1.06,1.65
39,199,"Davis Bertans, C",SA,67,12.1,0.07,-0.01,0.06,1.64
40,200,"Sam Dekker, SF",HOU,77,18.4,0.05,-1.42,-1.37,1.64
0,RK,NAME,TEAM,GP,MPG,ORPM,DRPM,RPM,WINS
1,201,"Jonas Jerebko, PF",BOS,78,15.8,-0.89,-0.14,-1.03,1.63
2,202,"Norman Powell, SF",TOR,76,18.0,-0.24,-1.01,-1.25,1.63
3,203,"Austin Rivers, PG",LAC,74,27.8,-0.17,-1.73,-1.90,1.62
4,204,"Dwight Powell, C",DAL,77,17.3,-0.66,-0.51,-1.17,1.58
5,205,"Josh Richardson, SF",MIA,53,30.5,-1.63,0.06,-1.57,1.57
6,206,"Matthew Dellavedova, PG",MIL,76,26.1,-0.88,-1.01,-1.89,1.54
7,207,"Caris LeVert, SG",BKN,57,21.7,-0.46,-0.84,-1.30,1.53
8,208,"Richard Jefferson, SF",CLE,79,20.4,-1.16,-0.48,-1.64,1.51
9,209,"Rajon Rondo, PG",CHI,69,26.7,-1.35,-0.49,-1.84,1.51
10,210,"E'Twaun Moore, SF",NO,73,24.9,-0.24,-1.58,-1.82,1.50
11,211,"Montrezl Harrell, PF",HOU,58,18.3,-0.39,-0.60,-0.99,1.50
12,212,"Meyers Leonard, C",POR,74,16.5,-1.50,0.26,-1.24,1.48
13,213,"Langston Galloway, SG",NO/SAC,74,20.2,0.10,-1.65,-1.55,1.46
14,214,"Ian Mahinmi, C",WSH,31,17.9,-2.22,3.11,0.89,1.44
15,215,"Tony Parker, PG",SA,63,25.2,-0.69,-0.97,-1.66,1.42
16,216,"Tyus Jones, PG",MIN,60,12.9,0.11,-0.34,-0.23,1.40
17,217,"Andrew Harrison, SG",MEM,72,20.5,-1.20,-0.38,-1.58,1.38
18,218,"JR Smith, SG",CLE,41,29.0,-0.32,-0.98,-1.30,1.37
19,219,"TJ Warren, SF",PHX,66,31.0,0.30,-2.44,-2.14,1.34
20,220,"Joakim Noah, C",NY,46,22.1,-2.23,1.17,-1.06,1.32
21,221,"Jeremy Lamb, SG",CHA,62,18.4,0.04,-1.32,-1.28,1.31
22,222,"Willie Reed, C",MIA,71,14.5,-2.42,1.25,-1.17,1.28
23,223,"Cristiano Felicio, C",CHI,66,15.8,-1.55,0.39,-1.16,1.28
24,224,"Kenneth Faried, PF",DEN,61,21.2,-0.07,-1.55,-1.62,1.27
25,225,"Roy Hibbert, C",DEN/CHA,48,14.2,-2.48,2.08,-0.40,1.21
26,226,"Andrew Bogut, C",CLE/DAL,27,21.6,-4.01,4.34,0.33,1.20
27,227,"Taurean Prince, SF",ATL,59,16.6,-3.70,2.47,-1.23,1.20
28,228,"Derrick Rose, PG",NY,64,32.5,0.11,-2.36,-2.25,1.17
29,229,"Mirza Teletovic, PF",MIL,70,16.2,-1.05,-0.44,-1.49,1.16
30,230,"Domantas Sabonis, C",OKC,81,20.1,-3.90,1.86,-2.04,1.14
31,231,"Avery Bradley, SG",BOS,55,33.4,-0.44,-1.72,-2.16,1.13
32,232,"Timothe Luwawu-Cabarrot, SG",PHI,69,17.2,-2.27,0.57,-1.70,1.11
33,233,"Glenn Robinson III, SG",IND,69,20.7,-1.25,-0.67,-1.92,1.10
34,234,"Dennis Schroder, PG",ATL,79,31.5,0.31,-2.76,-2.45,1.07
35,235,"John Henson, C",MIL,58,19.4,-3.42,1.79,-1.63,1.05
36,236,"Cole Aldrich, C",MIN,62,8.6,-1.82,1.83,0.01,1.04
37,237,"Wesley Johnson, SF",LAC,68,11.9,-3.79,2.62,-1.17,1.01
38,238,"Darrell Arthur, PF",DEN,41,15.6,-0.91,0.20,-0.71,0.99
39,239,"Al Jefferson, C",IND,66,14.1,-1.00,-0.45,-1.45,0.98
40,240,"Beno Udrih, PG",DET,39,14.4,-0.39,0.13,-0.26,0.98
0,RK,NAME,TEAM,GP,MPG,ORPM,DRPM,RPM,WINS
1,241,"Tomas Satoransky, SG",WSH,57,12.6,-2.10,1.08,-1.02,0.93
2,242,"Raymond Felton, PG",LAC,80,21.3,-1.40,-0.88,-2.28,0.92
3,243,"Dorian Finney-Smith, SF",DAL,81,20.3,-1.92,-0.30,-2.22,0.90
4,244,"Juan Hernangomez, PF",DEN,62,13.6,-0.85,-0.69,-1.54,0.88
5,245,"Cory Joseph, PG",TOR,80,25.0,-0.50,-1.94,-2.44,0.86
6,246,"Justin Hamilton, C",BKN,64,18.4,-1.64,-0.42,-2.06,0.84
7,247,"Terrence Jones, PF",NO/MIL,54,23.5,-1.38,-0.72,-2.10,0.84
8,248,"Boban Marjanovic, C",DET,35,8.4,-0.24,1.66,1.42,0.82
9,249,"Derrick Jones Jr., SG",PHX,32,17.0,-1.06,0.18,-0.88,0.82
10,250,"Tyreke Evans, SG",NO/SAC,40,19.7,-1.52,0.02,-1.50,0.81
11,251,"Sean Kilpatrick, SG",BKN,70,25.1,-0.07,-2.36,-2.43,0.81
12,252,"Alex Len, C",PHX,77,20.3,-3.62,1.28,-2.34,0.81
13,253,"J.J. Barea, PG",DAL,35,22.0,0.15,-1.57,-1.42,0.80
14,254,"Reggie Bullock, SG",DET,31,15.1,-0.98,0.57,-0.41,0.79
15,255,"Nik Stauskas, SG",PHI,80,27.4,-0.32,-2.25,-2.57,0.78
16,256,"Michael Carter-Williams, PG",CHI,45,18.8,-2.82,1.12,-1.70,0.77
17,257,"Delon Wright, PG",TOR,27,16.5,-1.28,0.98,-0.30,0.77
18,258,"Troy Daniels, SG",MEM,67,17.7,-0.02,-2.10,-2.12,0.72
19,259,"Jakob Poeltl, C",TOR,54,11.6,-2.36,1.09,-1.27,0.72
20,260,"Mindaugas Kuzminskas, F",NY,68,14.9,-0.80,-1.20,-2.00,0.72
21,261,"Brandan Wright, F",MEM,28,16.0,-0.86,0.40,-0.46,0.71
22,262,"Kelly Oubre Jr., SF",WSH,79,20.3,-1.67,-0.76,-2.43,0.71
23,263,"Jodie Meeks, SG",ORL,36,20.5,-0.05,-1.60,-1.65,0.70
24,264,"Tim Frazier, PG",NO,65,23.5,-0.73,-1.67,-2.40,0.70
25,265,"Thon Maker, C",MIL,57,9.9,-1.23,0.17,-1.06,0.70
26,266,"Alex Abrines, SG",OKC,68,15.5,0.13,-2.25,-2.12,0.69
27,267,"Allen Crabbe, SG",POR,79,28.5,0.22,-2.87,-2.65,0.68
28,268,"Omer Asik, C",NO,31,15.5,-2.97,1.94,-1.03,0.65
29,269,"Denzel Valentine, SF",CHI,57,17.1,-2.21,0.13,-2.08,0.64
30,270,"Bismack Biyombo, C",ORL,81,22.1,-3.33,0.77,-2.56,0.63
31,271,"Stanley Johnson, SF",DET,77,17.8,-2.34,-0.04,-2.38,0.63
32,272,"Kevon Looney, SF",GS,53,8.4,-2.03,1.05,-0.98,0.63
33,273,"Luis Scola, PF",BKN,36,12.8,-0.80,-0.29,-1.09,0.62
34,274,"Alexis Ajinca, C",NO,39,15.0,-3.17,1.64,-1.53,0.60
35,275,"Jeff Withey, C",UTAH,51,8.5,-1.50,0.57,-0.93,0.58
36,276,"Kris Humphries, PF",ATL,56,12.3,-2.30,0.41,-1.89,0.54
37,277,"Raul Neto, PG",UTAH,40,8.7,-1.43,0.92,-0.51,0.53
38,278,"Shabazz Napier, PG",POR,53,9.7,-0.12,-1.39,-1.51,0.51
39,279,"Mike Dunleavy, SG",ATL/CLE,53,15.9,-2.26,0.05,-2.21,0.49
40,280,"Tyler Ennis, PG",HOU/LAL,53,11.1,-1.36,-0.51,-1.87,0.49
0,RK,NAME,TEAM,GP,MPG,ORPM,DRPM,RPM,WINS
1,281,"Michael Beasley, SF",MIL,56,16.7,-1.70,-0.61,-2.31,0.48
2,282,"Shawn Long, PF",PHI,18,13.0,-0.31,0.30,-0.01,0.47
3,283,"David Nwaba, SF",LAL,20,19.9,-1.89,0.59,-1.30,0.47
4,284,"Anthony Morrow, SG",CHI/OKC,49,14.6,-0.66,-1.46,-2.12,0.46
5,285,"Skal Labissiere, PF",SAC,33,18.5,-1.93,-0.04,-1.97,0.45
6,286,"Bobby Portis, PF",CHI,64,15.6,-1.94,-0.50,-2.44,0.43
7,287,"Kyle Korver, SG",ATL/CLE,67,26.2,-0.15,-2.61,-2.76,0.41
8,288,"Paul Pierce, SF",LAC,25,11.1,-2.04,1.24,-0.80,0.40
9,289,"Joffrey Lauvergne, C",CHI/OKC,70,14.0,-1.22,-1.27,-2.49,0.39
10,290,"Yogi Ferrell, PG",DAL/BKN,46,26.0,-0.99,-1.21,-2.20,0.39
11,291,"Jordan Crawford, SG",NO,19,23.3,0.82,-2.48,-1.66,0.38
12,292,"Hollis Thompson, SF",NO/PHI,40,18.8,-0.82,-1.23,-2.05,0.38
13,293,"DeAndre Liggins, SG",CLE/DAL,62,12.5,-3.13,0.76,-2.37,0.37
14,294,"Sergio Rodriguez, PG",PHI,68,22.3,-0.66,-2.11,-2.77,0.35
15,295,"Shaun Livingston, PG",GS,76,17.7,-2.55,-0.19,-2.74,0.33
16,296,"James Michael McAdoo, SF",GS,52,8.8,-3.15,1.07,-2.08,0.31
17,297,"KJ McDaniels, SG",HOU/BKN,49,10.3,-1.54,-0.68,-2.22,0.30
18,298,"Trey Lyles, PF",UTAH,71,16.3,-2.48,-0.23,-2.71,0.29
19,299,"Thomas Robinson, PF",LAL,48,11.7,-1.68,-0.66,-2.34,0.28
20,300,"Tyler Zeller, C",BOS,51,10.3,-2.50,0.20,-2.30,0.28
21,301,"Okaro White, PF",MIA,35,13.5,-2.13,-0.03,-2.16,0.28
22,302,"Fred VanVleet, PG",TOR,37,7.9,-2.44,0.83,-1.61,0.28
23,303,"Sasha Vujacic, SG",NY,42,9.7,-2.35,0.26,-2.09,0.27
24,304,"Evan Turner, SF",POR,65,25.5,-3.04,0.15,-2.89,0.25
25,305,"Shelvin Mack, PG",UTAH,55,21.9,-1.51,-1.28,-2.79,0.25
26,306,"Miles Plumlee, C",MIL/CHA,45,10.8,-2.79,0.52,-2.27,0.25
27,307,"Dante Exum, PG",UTAH,66,18.6,-2.14,-0.65,-2.79,0.25
28,308,"Adreian Payne, PF",MIN,18,7.5,-1.69,1.36,-0.33,0.24
29,309,"James Jones, SG",CLE,48,7.9,-0.91,-1.27,-2.18,0.23
30,310,"Rodney Stuckey, PG",IND,39,17.8,-1.66,-0.91,-2.57,0.23
31,311,"Omri Casspi, F",NO/MIN/SAC,36,17.9,-2.35,0.05,-2.30,0.22
32,312,"Marshall Plumlee, C",NY,21,8.1,-1.75,0.65,-1.10,0.22
33,313,"Monta Ellis, SG",IND,74,27.0,-1.32,-1.64,-2.96,0.21
34,314,"Pat Connaughton, SG",POR,39,8.1,-1.28,-0.79,-2.07,0.21
35,315,"Chris Andersen, PF",CLE,12,9.5,-1.40,1.02,-0.38,0.20
36,316,"Chasson Randle, PG",NY/PHI,26,11.5,-0.74,-1.36,-2.10,0.20
37,317,"Rakeem Christmas, PF",IND,29,7.6,-2.20,0.50,-1.70,0.20
38,318,"Kyle Singler, SF",OKC,32,12.0,-3.25,0.90,-2.35,0.19
39,319,"Anthony Bennett, PF",BKN,23,11.5,-0.76,-1.29,-2.05,0.19
40,320,"Malcolm Delaney, PG",ATL,73,17.1,-2.64,-0.25,-2.89,0.18
0,RK,NAME,TEAM,GP,MPG,ORPM,DRPM,RPM,WINS
1,321,"Malik Beasley, SG",DEN,22,7.5,-1.74,0.21,-1.53,0.18
2,322,"Nick Collison, F",OKC,20,6.4,-2.18,1.12,-1.06,0.17
3,323,"Brandon Bass, PF",LAC,52,11.1,-1.06,-1.59,-2.65,0.17
4,324,"Joel Anthony, PF",SA,19,6.4,-2.41,1.44,-0.97,0.17
5,325,"Ian Clark, SG",GS,77,14.8,-1.08,-1.82,-2.90,0.17
6,326,"Zach LaVine, PG",MIN,47,37.2,-0.62,-2.35,-2.97,0.17
7,327,"Mike Miller, SG",DEN,20,7.6,-1.93,0.35,-1.58,0.16
8,328,"AJ Hammons, C",DAL,22,7.4,-2.77,1.27,-1.50,0.16
9,329,"Sheldon Mac, SG",WSH,30,9.6,-2.25,-0.08,-2.33,0.14
10,330,"James Young, SG",BOS,29,7.6,-1.88,-0.28,-2.16,0.14
11,331,"Gerald Green, SG",BOS,47,11.4,-1.27,-1.47,-2.74,0.13
12,332,"Christian Wood, PF",CHA,13,8.2,-2.06,0.97,-1.09,0.13
13,333,"Jose Calderon, PG",ATL/LAL,41,13.1,-2.40,-0.36,-2.76,0.12
14,334,"Metta World Peace, SF",LAL,25,6.4,-2.61,0.53,-2.08,0.11
15,335,"Treveon Graham, SG",CHA,27,7.0,-2.19,0.02,-2.17,0.11
16,336,"Noah Vonleh, PF",POR,74,17.1,-4.02,1.03,-2.99,0.11
17,337,"Anderson Varejao, C",GS,14,6.6,-1.74,0.65,-1.09,0.10
18,338,"Jared Sullinger, C",TOR,11,10.7,-2.70,0.90,-1.80,0.10
19,339,"Henry Ellenson, PF",DET,19,7.7,-2.32,0.38,-1.94,0.10
20,340,"Udonis Haslem, PF",MIA,16,8.1,-2.79,0.73,-2.06,0.09
21,341,"Tiago Splitter, C",PHI,8,9.5,-1.97,0.69,-1.28,0.09
22,342,"Chris McCullough, PF",BKN/WSH,16,5.0,-1.58,0.18,-1.40,0.09
23,343,"Malachi Richardson, SG",SAC,22,9.0,-2.29,-0.14,-2.43,0.09
24,344,"Leandro Barbosa, SG",PHX,67,14.4,-1.50,-1.50,-3.00,0.08
25,345,"Alonzo Gee, SF",DEN,13,6.8,-2.11,0.43,-1.68,0.08
26,346,"Ryan Kelly, PF",ATL,16,6.9,-1.94,1.45,-0.49,0.08
27,347,"Anthony Brown, SF",NO/ORL,11,14.5,-1.42,-0.34,-1.76,0.08
28,348,"Johnny O'Bryant III, PF",DEN/CHA,11,7.3,-1.92,0.30,-1.62,0.08
29,349,"Georgios Papagiannis, C",SAC,22,16.1,-2.47,-0.30,-2.77,0.08
30,350,"Joel Bolomboy, PF",UTAH,12,4.4,-1.95,1.03,-0.92,0.07
31,351,"Alex Poythress, SF",PHI,6,26.2,-1.91,-0.47,-2.38,0.07
32,352,"Maurice Ndour, SF",NY,32,10.3,-1.94,-0.37,-2.31,0.07
33,353,"Damian Jones, C",GS,10,8.5,-2.58,0.80,-1.78,0.07
34,354,"Dejounte Murray, PG",SA,38,8.5,-1.97,-0.83,-2.80,0.07
35,355,"Spencer Hawes, PF",MIL/CHA,54,14.8,-2.13,-0.87,-3.00,0.06
36,356,"Josh McRoberts, PF",MIA,22,17.3,-2.87,-0.01,-2.88,0.06
37,357,"Jordan Hill, C",MIN,7,6.7,-2.31,1.16,-1.15,0.06
38,358,"Mike Scott, PF",ATL,18,10.8,-2.92,0.26,-2.66,0.06
39,359,"Jarell Eddie, SG",PHX,5,12.4,-2.31,0.62,-1.69,0.06
40,360,"Daniel Ochefu, PF",WSH,19,3.9,-2.35,0.55,-1.80,0.06
0,RK,NAME,TEAM,GP,MPG,ORPM,DRPM,RPM,WINS
1,361,"Kris Dunn, PG",MIN,78,17.1,-2.64,-0.41,-3.05,0.06
2,362,"Wayne Selden, SG",NO/MEM,14,16.9,-2.44,-0.28,-2.72,0.06
3,363,"Stephen Zimmerman, C",ORL,19,5.7,-2.79,0.57,-2.22,0.06
4,364,"C.J. Watson, PG",ORL,62,16.3,-2.41,-0.64,-3.05,0.05
5,365,"Ed Davis, PF",POR,46,17.2,-2.96,-0.06,-3.02,0.05
6,366,"Ramon Sessions, PG",CHA,50,16.2,-1.65,-1.40,-3.05,0.04
7,367,"Josh Huestis, SG",OKC,2,15.5,-1.97,0.83,-1.14,0.04
8,368,"Kyle Wiltjer, F",HOU,14,3.1,-2.54,0.57,-1.97,0.04
9,369,"Nicolas Laprovittola, G",SA,18,9.7,-1.52,-1.19,-2.71,0.04
10,370,"Bruno Caboclo, SF",TOR,9,4.4,-1.76,0.11,-1.65,0.04
11,371,"Chinanu Onuaku, C",HOU,5,10.4,-2.25,0.15,-2.10,0.04
12,372,"Tim Quarterman, G",POR,16,5.0,-1.95,-0.40,-2.35,0.04
13,373,"Boris Diaw, C",UTAH,73,17.6,-2.58,-0.50,-3.08,0.03
14,374,"Jarrett Jack, PG",NO,2,16.5,-1.85,0.01,-1.84,0.03
15,375,"Ronnie Price, PG",PHX,14,9.6,-2.24,-0.53,-2.77,0.03
16,376,"Greivis Vasquez, PG",BKN,3,13.0,-1.77,-0.38,-2.15,0.03
17,377,"Timofey Mozgov, C",LAL,54,20.4,-4.02,0.93,-3.09,0.03
18,378,"Lamar Patterson, SG",ATL,5,8.0,-2.23,0.62,-1.61,0.03
19,379,"Mike Tobey, C",CHA,2,12.5,-1.91,0.99,-0.92,0.03
20,380,"Georges Niang, F",IND,23,4.0,-2.99,0.37,-2.62,0.03
21,381,"Jordan Mickey, C",BOS,25,5.6,-2.62,-0.15,-2.77,0.03
22,382,"Jerryd Bayless, PG",PHI,3,23.7,-2.23,-0.47,-2.70,0.02
23,383,"Bobby Brown, PG",HOU,25,4.9,-1.69,-1.18,-2.87,0.02
24,384,"Michael Gbinije, SG",DET,9,3.6,-2.17,-0.17,-2.34,0.02
25,385,"Pierre Jackson, PG",DAL,8,10.5,-0.96,-0.76,-1.72,0.02
26,386,"Jake Layman, SF",POR,35,7.1,-2.99,-0.03,-3.02,0.02
27,387,"Jarell Martin, PF",MEM,42,13.3,-4.23,1.17,-3.06,0.02
28,388,"Isaiah Whitehead, SG",BKN,73,22.5,-1.95,-1.16,-3.11,0.02
29,389,"Dahntay Jones, SG",CLE,1,12.0,-1.68,-0.38,-2.06,0.01
30,390,"John Lucas III, PG",MIN,5,2.2,-1.30,-0.61,-1.91,0.01
31,391,"Norris Cole, PG",OKC,13,9.6,-2.56,-0.48,-3.04,0.01
32,392,"Quincy Acy, SF",DAL/BKN,38,14.7,-2.38,-0.21,-2.59,0.01
33,393,"CJ Wilcox, SG",ORL,22,4.9,-2.55,-0.40,-2.95,0.01
34,394,"Quinn Cook, PG",NO/DAL,14,13.4,-1.44,-1.38,-2.82,0.01
35,395,"Jarrod Uthoff, SF",DAL,9,12.8,-2.29,-0.76,-3.05,0.01
36,396,"Brice Johnson, PF",LAC,3,3.0,-2.32,1.08,-1.24,0.01
37,397,"R.J. Hunter, SG",CHI,3,3.0,-1.38,-0.73,-2.11,0.01
38,398,"Demetrius Jackson, PG",BOS,5,3.4,-1.77,-0.30,-2.07,0.01
39,399,"Aaron Harrison, SG",CHA,5,3.4,-1.42,-0.32,-1.74,0.01
40,400,"Ben Bentil, PF",DAL,3,3.3,-1.95,0.65,-1.30,0.01
0,RK,NAME,TEAM,GP,MPG,ORPM,DRPM,RPM,WINS
1,401,"Diamond Stone, C",LAC,7,3.4,-2.77,0.49,-2.28,0.01
2,402,"Patricio Garino, SG",ORL,5,8.6,-2.61,-0.40,-3.01,0.00
3,403,"Danuel House Jr., SF",WSH,1,1.0,-1.76,-0.04,-1.80,0.00
4,404,"Isaiah Taylor, PG",HOU,4,13.0,-2.19,-0.90,-3.09,0.00
5,405,"Deyonta Davis, C",MEM,36,6.6,-2.88,-0.24,-3.12,0.00
6,406,"Briante Weber, PG",GS/CHA,20,10.3,-2.02,-1.29,-3.31,-0.02
7,407,"Damjan Rudez, SF",ORL,45,7.0,-2.38,-0.90,-3.28,-0.03
8,408,"Cheick Diallo, PF",NO,17,11.7,-2.54,-0.85,-3.39,-0.03
9,409,"Donatas Motiejunas, PF",NO,34,14.1,-2.51,-0.74,-3.25,-0.04
10,410,"Marcelo Huertas, PG",LAL,23,10.3,-2.17,-1.25,-3.42,-0.05
11,411,"DeAndre' Bembry, SF",ATL,38,9.8,-2.72,-0.67,-3.39,-0.05
12,412,"Ron Baker, SG",NY,52,16.5,-2.68,-0.56,-3.24,-0.06
13,413,"Ivica Zubac, C",LAL,38,16.0,-3.04,-0.26,-3.30,-0.07
14,414,"Joe Young, PG",IND,33,4.1,-2.64,-1.42,-4.06,-0.08
15,415,"Aaron Brooks, PG",IND,65,13.8,-1.81,-1.47,-3.28,-0.09
16,416,"Buddy Hield, SG",NO/SAC,82,23.0,-0.92,-2.28,-3.20,-0.09
17,417,"Alan Anderson, SG",LAC,30,10.3,-2.62,-1.04,-3.66,-0.10
18,418,"Alec Burks, SG",UTAH,42,15.5,-2.47,-0.94,-3.41,-0.12
19,419,"Troy Williams, SF",HOU/MEM,30,18.6,-3.06,-0.45,-3.51,-0.14
20,420,"Brian Roberts, PG",CHA,41,10.1,-2.62,-1.07,-3.69,-0.15
21,421,"Jonathan Gibson, G",DAL,17,13.6,-1.95,-2.16,-4.11,-0.15
22,422,"Jamal Crawford, SG",LAC,82,26.3,-0.06,-3.18,-3.24,-0.16
23,423,"Pascal Siakam, PF",TOR,55,15.6,-3.93,0.49,-3.44,-0.17
24,424,"Darrun Hilliard, SG",DET,39,9.8,-3.20,-0.69,-3.89,-0.18
25,425,"Lavoy Allen, PF",IND,61,14.3,-2.56,-0.91,-3.47,-0.19
26,426,"Jeff Green, SF",ORL,69,22.2,-2.03,-1.31,-3.34,-0.21
27,427,"Jaylen Brown, SG",BOS,78,17.2,-2.95,-0.42,-3.37,-0.21
28,428,"Bryn Forbes, SG",SA,36,7.9,-2.78,-1.62,-4.40,-0.22
29,429,"Andrew Nicholson, PF",BKN/WSH,38,9.0,-3.54,-0.67,-4.21,-0.23
30,430,"Jordan McRae, SG",CLE,37,10.4,-2.19,-1.87,-4.06,-0.23
31,431,"Paul Zipser, SF",CHI,44,19.2,-3.37,-0.19,-3.56,-0.23
32,432,"Kay Felder, PG",CLE,42,9.2,-3.39,-0.85,-4.24,-0.28
33,433,"Dragan Bender, PF",PHX,43,13.3,-3.20,-0.68,-3.88,-0.28
34,434,"Chandler Parsons, SF",MEM,34,19.9,-3.51,-0.33,-3.84,-0.29
35,435,"Kevin Seraphin, C",IND,49,11.4,-2.94,-1.07,-4.01,-0.31
36,436,"Justise Winslow, SF",MIA,18,34.7,-4.08,0.16,-3.92,-0.31
37,437,"Rashad Vaughn, G",MIL,41,11.2,-3.44,-0.89,-4.33,-0.35
38,438,"Reggie Jackson, PG",DET,52,27.4,-0.59,-2.94,-3.53,-0.36
39,439,"Nicolas Brussino, SF",DAL,54,9.6,-2.42,-1.82,-4.24,-0.36
40,440,"Isaiah Canaan, PG",CHI,39,15.2,-3.00,-1.12,-4.12,-0.37
0,RK,NAME,TEAM,GP,MPG,ORPM,DRPM,RPM,WINS
1,441,"Cameron Payne, PG",CHI/OKC,31,14.9,-4.14,-0.31,-4.45,-0.39
2,442,"Derrick Williams, PF",CLE/MIA,50,16.1,-2.66,-1.25,-3.91,-0.40
3,443,"Brandon Rush, SG",MIN,47,21.9,-3.13,-0.73,-3.86,-0.48
4,444,"Justin Anderson, SG",DAL/PHI,75,16.4,-1.36,-2.54,-3.90,-0.59
5,445,"Shabazz Muhammad, SG",MIN,78,19.4,-0.56,-3.19,-3.75,-0.60
6,446,"Marcus Thornton, SG",WSH,33,17.4,-1.64,-3.31,-4.95,-0.66
7,447,"Wade Baldwin IV, PG",MEM,33,12.3,-4.36,-1.43,-5.79,-0.67
8,448,"Emmanuel Mudiay, PG",DEN,55,25.6,-1.52,-2.38,-3.90,-0.71
9,449,"Marquese Chriss, PF",PHX,82,21.3,-1.96,-1.82,-3.78,-0.76
10,450,"Joe Harris, SF",BKN,52,21.9,-2.46,-1.73,-4.19,-0.82
11,451,"Randy Foye, SG",BKN,69,18.6,-2.70,-1.42,-4.12,-0.85
12,452,"Tyler Ulis, PG",PHX,61,18.4,-2.03,-2.23,-4.26,-0.86
13,453,"Gerald Henderson, SG",PHI,72,23.2,-1.51,-2.42,-3.93,-0.87
14,454,"Lance Thomas, SF",NY,46,21.0,-2.87,-1.73,-4.60,-0.91
15,455,"Trey Burke, PG",WSH,57,12.3,-2.15,-3.09,-5.24,-0.92
16,456,"Ben McLemore, SG",SAC,61,19.3,-2.88,-1.58,-4.46,-0.99
17,457,"Bojan Bogdanovic, SF",BKN/WSH,81,25.7,-0.46,-3.42,-3.88,-1.04
18,458,"Patrick McCaw, SG",GS,71,15.1,-3.09,-1.57,-4.66,-1.10
19,459,"Arron Afflalo, SG",SAC,61,25.9,-1.43,-2.85,-4.28,-1.12
20,460,"Doug McDermott, SF",CHI/OKC,66,22.8,-0.61,-3.92,-4.53,-1.33
21,461,"Jordan Clarkson, PG",LAL,82,29.2,-0.63,-3.39,-4.02,-1.40
22,462,"Semaj Christon, PG",OKC,64,15.2,-3.76,-1.69,-5.45,-1.40
23,463,"Jerami Grant, SF",PHI/OKC,80,19.1,-2.42,-2.29,-4.71,-1.56
24,464,"Brandon Knight, PG",PHX,54,21.1,-2.24,-3.08,-5.32,-1.63
25,465,"D.J. Augustin, PG",ORL,78,19.7,-1.53,-3.40,-4.93,-1.74
26,466,"Jahlil Okafor, C",PHI,50,22.7,-4.43,-1.26,-5.69,-1.85
27,467,"Mario Hezonja, SF",ORL,65,14.8,-4.40,-2.20,-6.60,-2.09
28,468,"Brandon Ingram, SF",LAL,79,28.8,-1.76,-2.93,-4.69,-2.32
