,0,1,2,3
0,RK,NAME,TEAM,SALARY
1,1,"LeBron James, SF",Cleveland Cavaliers,"$30,963,450"
2,2,"Mike Conley, PG",Memphis Grizzlies,"$26,540,100"
3,3,"Al Horford, PF",Boston Celtics,"$26,540,100"
4,4,"Dirk Nowitzki, C",Dallas Mavericks,"$25,000,000"
5,5,"Carmelo Anthony, PF",New York Knicks,"$24,559,380"
6,6,"Damian Lillard, PG",Portland Trail Blazers,"$24,328,425"
7,7,"Chris Bosh, PF",Miami Heat,"$23,741,060"
8,8,"Dwyane Wade, SG",Chicago Bulls,"$23,200,000"
9,9,"Dwight Howard, C",Atlanta Hawks,"$23,180,275"
10,10,"Chris Paul, PG",LA Clippers,"$22,868,827"
11,RK,NAME,TEAM,SALARY
12,11,"Chandler Parsons, SF",Memphis Grizzlies,"$22,116,750"
13,12,"Bradley Beal, SG",Washington Wizards,"$22,116,750"
14,13,"Anthony Davis, PF",New Orleans Pelicans,"$22,116,750"
15,14,"Derrick Rose, PG",New York Knicks,"$21,323,252"
16,15,"Marc Gasol, C",Memphis Grizzlies,"$21,165,675"
17,16,"Brook Lopez, C",Brooklyn Nets,"$21,165,675"
18,17,"Kevin Love, C",Cleveland Cavaliers,"$21,165,675"
19,18,"Nicolas Batum, SG",Charlotte Hornets,"$20,869,566"
20,19,"LaMarcus Aldridge, PF",San Antonio Spurs,"$20,575,005"
21,20,"Blake Griffin, PF",LA Clippers,"$20,140,839"
22,RK,NAME,TEAM,SALARY
23,21,"Paul Millsap, PF",Atlanta Hawks,"$20,072,033"
24,22,"Ryan Anderson, PF",Houston Rockets,"$18,735,364"
25,23,"Allen Crabbe, SG",Portland Trail Blazers,"$18,500,000"
26,24,"Paul George, SF",Indiana Pacers,"$18,314,532"
27,25,"Luol Deng, SF",Los Angeles Lakers,"$18,000,000"
28,26,"Kawhi Leonard, SF",San Antonio Spurs,"$17,638,063"
29,27,"Kyrie Irving, PG",Cleveland Cavaliers,"$17,638,063"
30,28,"Jimmy Butler, SG",Chicago Bulls,"$17,552,209"
31,29,"Tobias Harris, SF",Detroit Pistons,"$17,200,000"
32,30,"Wesley Matthews, SG",Dallas Mavericks,"$17,145,838"
33,RK,NAME,TEAM,SALARY
34,31,"Enes Kanter, C",Oklahoma City Thunder,"$17,145,838"
35,32,"Greg Monroe, C",Milwaukee Bucks,"$17,145,838"
36,33,"Evan Fournier, SG",Orlando Magic,"$17,000,000"
37,34,"Bismack Biyombo, C",Orlando Magic,"$17,000,000"
38,35,"Joakim Noah, C",New York Knicks,"$17,000,000"
39,36,"John Wall, PG",Washington Wizards,"$16,957,900"
40,37,"DeMarcus Cousins, C",Sacramento Kings,"$16,957,900"
41,38,"Klay Thompson, SG",Golden State Warriors,"$16,663,575"
42,39,"Evan Turner, SF",Portland Trail Blazers,"$16,393,443"
43,40,"Gordon Hayward, SF",Utah Jazz,"$16,073,140"
0,RK,NAME,TEAM,SALARY
1,41,"Timofey Mozgov, C",Los Angeles Lakers,"$16,000,000"
2,42,"Ian Mahinmi, C",Washington Wizards,"$15,944,154"
3,43,"Goran Dragic, PG",Miami Heat,"$15,891,725"
4,44,"Kent Bazemore, SG",Atlanta Hawks,"$15,730,338"
5,45,"Pau Gasol, C",San Antonio Spurs,"$15,500,000"
6,46,"Draymond Green, PF",Golden State Warriors,"$15,330,435"
7,47,"Tristan Thompson, C",Cleveland Cavaliers,"$15,330,435"
8,48,"Khris Middleton, SF",Milwaukee Bucks,"$15,200,000"
9,49,"Danilo Gallinari, SF",Denver Nuggets,"$15,050,000"
10,50,"Jeff Green, SF",Orlando Magic,"$15,000,000"
11,RK,NAME,TEAM,SALARY
12,51,"Reggie Jackson, PG",Detroit Pistons,"$14,956,522"
13,52,"Tony Parker, PG",San Antonio Spurs,"$14,445,313"
14,53,"Jonas Valanciunas, C",Toronto Raptors,"$14,382,023"
15,54,"DeMarre Carroll, SF",Toronto Raptors,"$14,200,000"
16,55,"Thaddeus Young, PF",Indiana Pacers,"$14,153,652"
17,56,"Manu Ginobili, SG",San Antonio Spurs,"$14,000,000"
18,57,"Eric Bledsoe, PG",Phoenix Suns,"$14,000,000"
19,58,"Rajon Rondo, PG",Chicago Bulls,"$14,000,000"
20,59,"Ricky Rubio, PG",Minnesota Timberwolves,"$13,550,000"
21,60,"Rudy Gay, SF",Sacramento Kings,"$13,333,333"
22,RK,NAME,TEAM,SALARY
23,61,"Jamal Crawford, SG",LA Clippers,"$13,253,012"
24,62,"Robin Lopez, C",Chicago Bulls,"$13,219,250"
25,63,"Michael Kidd-Gilchrist, SF",Charlotte Hornets,"$13,000,000"
26,64,"JR Smith, SG",Cleveland Cavaliers,"$12,800,000"
27,65,"Brandon Knight, PG",Phoenix Suns,"$12,606,250"
28,66,"John Henson, C",Milwaukee Bucks,"$12,517,606"
29,67,"Arron Afflalo, SG",Sacramento Kings,"$12,500,000"
30,68,"Jordan Clarkson, PG",Los Angeles Lakers,"$12,500,000"
31,69,"Miles Plumlee, C",Charlotte Hornets,"$12,500,000"
32,70,"Tyson Chandler, C",Phoenix Suns,"$12,415,000"
33,RK,NAME,TEAM,SALARY
34,71,"Eric Gordon, SG",Houston Rockets,"$12,385,364"
35,72,"Marvin Williams, PF",Charlotte Hornets,"$12,250,000"
36,73,"Serge Ibaka, PF",Toronto Raptors,"$12,250,000"
37,74,"Stephen Curry, PG",Golden State Warriors,"$12,112,359"
38,75,"Nikola Pekovic, C",Minnesota Timberwolves,"$12,100,000"
39,76,"Kenneth Faried, PF",Denver Nuggets,"$12,078,652"
40,77,"Marcin Gortat, C",Washington Wizards,"$12,000,000"
41,78,"Kemba Walker, PG",Charlotte Hornets,"$12,000,000"
42,79,"Amir Johnson, C",Boston Celtics,"$12,000,000"
43,80,"Nikola Vucevic, C",Orlando Magic,"$11,750,000"
0,RK,NAME,TEAM,SALARY
1,81,"Jeremy Lin, PG",Brooklyn Nets,"$11,483,254"
2,82,"Jrue Holiday, PG",New Orleans Pelicans,"$11,286,518"
3,83,"Courtney Lee, SG",New York Knicks,"$11,242,000"
4,84,"Solomon Hill, SF",New Orleans Pelicans,"$11,241,218"
5,85,"Wilson Chandler, SF",Denver Nuggets,"$11,233,146"
6,86,"Andre Iguodala, SF",Golden State Warriors,"$11,131,368"
7,87,"Derrick Favors, PF",Utah Jazz,"$11,050,000"
8,88,"Austin Rivers, PG",LA Clippers,"$11,000,000"
9,89,"Joe Johnson, SG",Utah Jazz,"$11,000,000"
10,90,"Jon Leuer, PF",Detroit Pistons,"$10,991,957"
11,RK,NAME,TEAM,SALARY
12,91,"Monta Ellis, SG",Indiana Pacers,"$10,763,500"
13,92,"Mirza Teletovic, PF",Milwaukee Bucks,"$10,500,000"
14,93,"Jared Dudley, SF",Phoenix Suns,"$10,470,000"
15,94,"Zach Randolph, PF",Memphis Grizzlies,"$10,361,445"
16,95,"Al Jefferson, C",Indiana Pacers,"$10,314,532"
17,96,"Tyreke Evans, SG",Sacramento Kings,"$10,203,755"
18,97,"Alec Burks, SG",Utah Jazz,"$10,154,495"
19,98,"Danny Green, SG",San Antonio Spurs,"$10,000,000"
20,99,"Terrence Ross, SG",Toronto Raptors,"$10,000,000"
21,100,"Omer Asik, C",New Orleans Pelicans,"$9,904,494"
22,RK,NAME,TEAM,SALARY
23,101,"Iman Shumpert, SG",Cleveland Cavaliers,"$9,662,922"
24,102,"Matthew Dellavedova, PG",Milwaukee Bucks,"$9,607,500"
25,103,"Jerryd Bayless, PG",Philadelphia 76ers,"$9,424,084"
26,104,"Trevor Booker, PF",Brooklyn Nets,"$9,250,000"
27,105,"Meyers Leonard, C",Portland Trail Blazers,"$9,213,483"
28,106,"Gerald Henderson, SG",Philadelphia 76ers,"$9,000,000"
29,107,"Maurice Harkless, SF",Portland Trail Blazers,"$8,988,765"
30,108,"Taj Gibson, PF",Oklahoma City Thunder,"$8,950,000"
31,109,"Jeff Teague, PG",Indiana Pacers,"$8,800,000"
32,110,"Tiago Splitter, C",Philadelphia 76ers,"$8,550,000"
33,RK,NAME,TEAM,SALARY
34,111,"Ersan Ilyasova, PF",Oklahoma City Thunder,"$8,400,000"
35,112,"Dwight Powell, C",Dallas Mavericks,"$8,375,000"
36,113,"Avery Bradley, SG",Boston Celtics,"$8,269,663"
37,114,"E'Twaun Moore, SF",New Orleans Pelicans,"$8,081,363"
38,115,"Darrell Arthur, PF",Denver Nuggets,"$8,070,175"
39,116,"Kosta Koufos, C",Sacramento Kings,"$8,046,500"
40,117,"Tyler Zeller, C",Boston Celtics,"$8,000,000"
41,118,"Garrett Temple, SF",Sacramento Kings,"$8,000,000"
42,119,"George Hill, PG",Utah Jazz,"$8,000,000"
43,120,"Channing Frye, PF",Cleveland Cavaliers,"$7,806,971"
0,RK,NAME,TEAM,SALARY
1,121,"Trevor Ariza, SF",Houston Rockets,"$7,806,971"
2,122,"Al-Farouq Aminu, PF",Portland Trail Blazers,"$7,680,965"
3,123,"Cole Aldrich, C",Minnesota Timberwolves,"$7,643,979"
4,124,"Corey Brewer, SF",Los Angeles Lakers,"$7,612,172"
5,125,"Markieff Morris, PF",Washington Wizards,"$7,400,000"
6,126,"Festus Ezeli, C",Portland Trail Blazers,"$7,400,000"
7,127,"JJ Redick, SG",LA Clippers,"$7,377,500"
8,128,"Cory Joseph, PG",Toronto Raptors,"$7,315,000"
9,129,"D.J. Augustin, PG",Orlando Magic,"$7,250,000"
10,130,"Boban Marjanovic, C",Detroit Pistons,"$7,000,000"
11,RK,NAME,TEAM,SALARY
12,131,"Lou Williams, SG",Los Angeles Lakers,"$7,000,000"
13,132,"Boris Diaw, C",Utah Jazz,"$7,000,000"
14,133,"Rodney Stuckey, PG",Indiana Pacers,"$7,000,000"
15,134,"Ed Davis, PF",Portland Trail Blazers,"$6,666,667"
16,135,"Isaiah Thomas, PG",Boston Celtics,"$6,587,132"
17,136,"Victor Oladipo, SG",Oklahoma City Thunder,"$6,552,961"
18,137,"Jodie Meeks, SG",Orlando Magic,"$6,540,000"
19,138,"Jeremy Lamb, SG",Charlotte Hornets,"$6,511,628"
20,139,"Carl Landry, PF",Philadelphia 76ers,"$6,500,000"
21,140,"Aron Baynes, C",Detroit Pistons,"$6,500,000"
22,RK,NAME,TEAM,SALARY
23,141,"Tim Duncan, C",San Antonio Spurs,"$6,393,750"
24,142,"Spencer Hawes, PF",Charlotte Hornets,"$6,348,759"
25,143,"Marco Belinelli, SG",Charlotte Hornets,"$6,333,333"
26,144,"Jae Crowder, PF",Boston Celtics,"$6,286,408"
27,145,"Lance Thomas, SF",New York Knicks,"$6,191,000"
28,146,"Tarik Black, PF",Los Angeles Lakers,"$6,191,000"
29,147,"Andrew Nicholson, PF",Washington Wizards,"$6,088,993"
30,148,"Patrick Patterson, PF",Toronto Raptors,"$6,050,000"
31,149,"Andrew Wiggins, SF",Minnesota Timberwolves,"$6,006,600"
32,150,"Ramon Sessions, PG",Charlotte Hornets,"$6,000,000"
33,RK,NAME,TEAM,SALARY
34,151,"Wayne Ellington, SG",Miami Heat,"$6,000,000"
35,152,"Ish Smith, PG",Detroit Pistons,"$6,000,000"
36,153,"Alex Abrines, SG",Oklahoma City Thunder,"$5,994,764"
37,154,"Karl-Anthony Towns, C",Minnesota Timberwolves,"$5,960,160"
38,155,"Ben Simmons, PG",Philadelphia 76ers,"$5,903,160"
39,156,"Otto Porter Jr., SF",Washington Wizards,"$5,893,981"
40,157,"Shaun Livingston, PG",Golden State Warriors,"$5,782,450"
41,158,"Nikola Mirotic, PF",Chicago Bulls,"$5,782,450"
42,159,"Brandan Wright, F",Memphis Grizzlies,"$5,709,880"
43,160,"Tyler Johnson, SG",Miami Heat,"$5,628,000"
0,RK,NAME,TEAM,SALARY
1,161,"Jared Sullinger, C",Toronto Raptors,"$5,628,000"
2,162,"Wesley Johnson, SF",LA Clippers,"$5,628,000"
3,163,"Tony Allen, SG",Memphis Grizzlies,"$5,505,618"
4,164,"Luis Scola, PF",Brooklyn Nets,"$5,500,000"
5,165,"Nick Young, SG",Los Angeles Lakers,"$5,443,918"
6,166,"Jabari Parker, PF",Milwaukee Bucks,"$5,374,320"
7,167,"D'Angelo Russell, PG",Los Angeles Lakers,"$5,332,800"
8,168,"Cody Zeller, C",Charlotte Hornets,"$5,318,313"
9,169,"PJ Tucker, SF",Toronto Raptors,"$5,300,000"
10,170,"Brandon Ingram, SF",Los Angeles Lakers,"$5,281,680"
11,RK,NAME,TEAM,SALARY
12,171,"Kyle Korver, SG",Cleveland Cavaliers,"$5,239,437"
13,172,"Darren Collison, PG",Sacramento Kings,"$5,229,454"
14,173,"Langston Galloway, SG",Sacramento Kings,"$5,200,000"
15,174,"Jason Smith, PF",Washington Wizards,"$5,000,000"
16,175,"C.J. Watson, PG",Orlando Magic,"$5,000,000"
17,176,"Brandon Jennings, PG",Washington Wizards,"$5,000,000"
18,177,"Jonas Jerebko, PF",Boston Celtics,"$5,000,000"
19,178,"Roy Hibbert, C",Charlotte Hornets,"$5,000,000"
20,179,"Kyle Singler, SF",Oklahoma City Thunder,"$4,837,500"
21,180,"Mike Dunleavy, SG",Cleveland Cavaliers,"$4,837,500"
22,RK,NAME,TEAM,SALARY
23,181,"Joel Embiid, C",Philadelphia 76ers,"$4,826,160"
24,182,"Alex Len, C",Phoenix Suns,"$4,823,621"
25,183,"Jahlil Okafor, C",Philadelphia 76ers,"$4,788,840"
26,184,"Jaylen Brown, SG",Boston Celtics,"$4,743,000"
27,185,"Alexis Ajinca, C",New Orleans Pelicans,"$4,638,203"
28,186,"Marcus Morris, PF",Detroit Pistons,"$4,625,000"
29,187,"CJ Miles, SF",Indiana Pacers,"$4,583,450"
30,188,"Jameer Nelson, PG",Denver Nuggets,"$4,540,525"
31,189,"Nerlens Noel, C",Philadelphia 76ers,"$4,384,490"
32,190,"Aaron Gordon, PF",Orlando Magic,"$4,351,320"
33,RK,NAME,TEAM,SALARY
34,191,"Greivis Vasquez, PG",Brooklyn Nets,"$4,347,826"
35,192,"Kristaps Porzingis, PF",New York Knicks,"$4,317,720"
36,193,"Dragan Bender, PF",Phoenix Suns,"$4,276,320"
37,194,"Vince Carter, SG",Memphis Grizzlies,"$4,264,057"
38,195,"Devin Harris, PG",Dallas Mavericks,"$4,227,996"
39,196,"J.J. Barea, PG",Dallas Mavericks,"$4,096,950"
40,197,"Ben McLemore, SG",Sacramento Kings,"$4,008,882"
41,198,"Udonis Haslem, PF",Miami Heat,"$4,000,000"
42,199,"James Johnson, PF",Miami Heat,"$4,000,000"
43,200,"Kris Humphries, PF",Atlanta Hawks,"$4,000,000"
0,RK,NAME,TEAM,SALARY
1,201,"Leandro Barbosa, SG",Phoenix Suns,"$4,000,000"
2,202,"Lavoy Allen, PF",Indiana Pacers,"$4,000,000"
3,203,"Lance Stephenson, SG",Minnesota Timberwolves,"$4,000,000"
4,204,"Dante Exum, PG",Utah Jazz,"$3,940,320"
5,205,"Kyle O'Quinn, C",New York Knicks,"$3,918,750"
6,206,"Mario Hezonja, SF",Orlando Magic,"$3,909,840"
7,207,"Kris Dunn, PG",Minnesota Timberwolves,"$3,872,520"
8,208,"Thabo Sefolosha, SF",Atlanta Hawks,"$3,850,000"
9,209,"Nemanja Bjelica, PF",Minnesota Timberwolves,"$3,800,000"
10,210,"Nick Collison, F",Oklahoma City Thunder,"$3,750,000"
11,RK,NAME,TEAM,SALARY
12,211,"Bojan Bogdanovic, SF",Washington Wizards,"$3,730,653"
13,212,"Kentavious Caldwell-Pope, SG",Detroit Pistons,"$3,678,319"
14,213,"Quincy Pondexter, SG",Chicago Bulls,"$3,617,978"
15,214,"Patty Mills, PG",San Antonio Spurs,"$3,578,948"
16,215,"Marcus Smart, PG",Boston Celtics,"$3,578,880"
17,216,"Willie Cauley-Stein, C",Sacramento Kings,"$3,551,160"
18,217,"Drew Gooden, PF",Washington Wizards,"$3,547,000"
19,218,"Will Barton, SF",Denver Nuggets,"$3,533,333"
20,219,"Paul Pierce, SF",LA Clippers,"$3,527,920"
21,220,"Buddy Hield, SG",Sacramento Kings,"$3,517,200"
22,RK,NAME,TEAM,SALARY
23,221,"Brandon Rush, SG",Minnesota Timberwolves,"$3,500,000"
24,222,"Mike Miller, SG",Denver Nuggets,"$3,500,000"
25,223,"Anthony Morrow, SG",Oklahoma City Thunder,"$3,488,000"
26,224,"Trey Burke, PG",Washington Wizards,"$3,386,598"
27,225,"Mike Scott, PF",Atlanta Hawks,"$3,333,334"
28,226,"KJ McDaniels, SG",Brooklyn Nets,"$3,333,333"
29,227,"Troy Daniels, SG",Memphis Grizzlies,"$3,332,940"
30,228,"Julius Randle, PF",Los Angeles Lakers,"$3,267,120"
31,229,"Emmanuel Mudiay, PG",Denver Nuggets,"$3,241,800"
32,230,"CJ McCollum, SG",Portland Trail Blazers,"$3,219,579"
33,RK,NAME,TEAM,SALARY
34,231,"Jamal Murray, PG",Denver Nuggets,"$3,210,840"
35,232,"Michael Carter-Williams, PG",Chicago Bulls,"$3,183,526"
36,233,"Steven Adams, C",Oklahoma City Thunder,"$3,140,517"
37,234,"Kelly Olynyk, PF",Boston Celtics,"$3,094,014"
38,235,"Shabazz Muhammad, SG",Minnesota Timberwolves,"$3,046,299"
39,236,"Justin Hamilton, C",Brooklyn Nets,"$3,000,000"
40,237,"Tibor Pleiss, C",Philadelphia 76ers,"$3,000,000"
41,238,"Giannis Antetokounmpo, PF",Milwaukee Bucks,"$2,995,421"
42,239,"Nik Stauskas, SG",Philadelphia 76ers,"$2,993,040"
43,240,"Dante Cunningham, SF",New Orleans Pelicans,"$2,978,250"
0,RK,NAME,TEAM,SALARY
1,241,"Stanley Johnson, SF",Detroit Pistons,"$2,969,880"
2,242,"Marquese Chriss, PF",Phoenix Suns,"$2,941,440"
3,243,"Dion Waiters, SG",Miami Heat,"$2,898,000"
4,244,"Zaza Pachulia, C",Golden State Warriors,"$2,898,000"
5,245,"Mindaugas Kuzminskas, F",New York Knicks,"$2,898,000"
6,246,"Nene Hilario, C",Houston Rockets,"$2,898,000"
7,247,"Dewayne Dedmon, C",San Antonio Spurs,"$2,898,000"
8,248,"Tomas Satoransky, SG",Washington Wizards,"$2,870,813"
9,249,"Noah Vonleh, PF",Portland Trail Blazers,"$2,751,360"
10,250,"Frank Kaminsky, PF",Charlotte Hornets,"$2,730,000"
11,RK,NAME,TEAM,SALARY
12,251,"Dennis Schroder, PG",Atlanta Hawks,"$2,708,582"
13,252,"Jakob Poeltl, C",Toronto Raptors,"$2,703,960"
14,253,"Aaron Brooks, PG",Indiana Pacers,"$2,700,000"
15,254,"Elfrid Payton, PG",Orlando Magic,"$2,613,600"
16,255,"Justise Winslow, SF",Miami Heat,"$2,593,440"
17,256,"Thon Maker, C",Milwaukee Bucks,"$2,568,600"
18,257,"Randy Foye, SG",Brooklyn Nets,"$2,500,000"
19,258,"Malcolm Delaney, PG",Atlanta Hawks,"$2,500,000"
20,259,"Doug McDermott, SF",Oklahoma City Thunder,"$2,483,040"
21,260,"Myles Turner, C",Indiana Pacers,"$2,463,840"
22,RK,NAME,TEAM,SALARY
23,261,"Domantas Sabonis, C",Oklahoma City Thunder,"$2,440,200"
24,262,"Shelvin Mack, PG",Utah Jazz,"$2,433,334"
25,263,"Tony Snell, SG",Milwaukee Bucks,"$2,368,327"
26,264,"Gorgui Dieng, C",Minnesota Timberwolves,"$2,348,783"
27,265,"Trey Lyles, PF",Utah Jazz,"$2,340,600"
28,266,"Mason Plumlee, C",Portland Trail Blazers,"$2,328,530"
29,267,"Dario Saric, PF",Philadelphia 76ers,"$2,318,280"
30,268,"Taurean Prince, SF",Atlanta Hawks,"$2,318,280"
31,269,"Tim Hardaway Jr., SF",Atlanta Hawks,"$2,281,605"
32,270,"Reggie Bullock, SG",Detroit Pistons,"$2,255,644"
33,RK,NAME,TEAM,SALARY
34,271,"Zach LaVine, PG",Minnesota Timberwolves,"$2,240,880"
35,272,"Devin Booker, SG",Phoenix Suns,"$2,223,600"
36,273,"Luc Mbah a Moute, PF",LA Clippers,"$2,203,000"
37,274,"Georgios Papagiannis, C",Sacramento Kings,"$2,202,240"
38,275,"Mo Williams, PG",Denver Nuggets,"$2,194,500"
39,276,"Andre Roberson, SG",Oklahoma City Thunder,"$2,183,072"
40,277,"Joe Ingles, SF",Utah Jazz,"$2,150,000"
41,278,"TJ Warren, SF",Phoenix Suns,"$2,128,920"
42,279,"Rudy Gobert, C",Utah Jazz,"$2,121,288"
43,280,"Cameron Payne, PG",Oklahoma City Thunder,"$2,112,480"
0,RK,NAME,TEAM,SALARY
1,281,"Denzel Valentine, SF",Chicago Bulls,"$2,092,200"
2,282,"Tim Frazier, PG",New Orleans Pelicans,"$2,090,000"
3,283,"Kendall Marshall, PG",Milwaukee Bucks,"$2,048,257"
4,284,"Adreian Payne, PF",Minnesota Timberwolves,"$2,022,240"
5,285,"Kelly Oubre Jr., SF",Washington Wizards,"$2,006,640"
6,286,"Juan Hernangomez, PF",Denver Nuggets,"$1,987,440"
7,287,"Lucas Nogueira, C",Toronto Raptors,"$1,921,320"
8,288,"Jusuf Nurkic, C",Portland Trail Blazers,"$1,921,320"
9,289,"Terry Rozier, PG",Boston Celtics,"$1,906,440"
10,290,"James Young, SG",Boston Celtics,"$1,825,200"
11,RK,NAME,TEAM,SALARY
12,291,"Rashad Vaughn, G",Milwaukee Bucks,"$1,811,040"
13,292,"Kevin Seraphin, C",Indiana Pacers,"$1,800,000"
14,293,"Wade Baldwin IV, PG",Memphis Grizzlies,"$1,793,760"
15,294,"Quincy Acy, SF",Brooklyn Nets,"$1,790,092"
16,295,"Tyler Ennis, PG",Los Angeles Lakers,"$1,733,880"
17,296,"Sam Dekker, SF",Houston Rockets,"$1,720,560"
18,297,"Joffrey Lauvergne, C",Oklahoma City Thunder,"$1,709,719"
19,298,"Henry Ellenson, PF",Detroit Pistons,"$1,704,120"
20,299,"Gary Harris, SG",Denver Nuggets,"$1,655,880"
21,300,"Jerian Grant, PG",Chicago Bulls,"$1,643,040"
22,RK,NAME,TEAM,SALARY
23,301,"Malik Beasley, SG",Denver Nuggets,"$1,627,320"
24,302,"Bruno Caboclo, SF",Toronto Raptors,"$1,589,640"
25,303,"Delon Wright, PG",Toronto Raptors,"$1,577,280"
26,304,"Caris LeVert, SG",Brooklyn Nets,"$1,562,280"
27,305,"David Lee, PF",San Antonio Spurs,"$1,551,659"
28,306,"Caron Butler, SF",Sacramento Kings,"$1,551,659"
29,307,"Mitch McGary, PF",Oklahoma City Thunder,"$1,526,040"
30,308,"Justin Anderson, SG",Philadelphia 76ers,"$1,514,160"
31,309,"Marcelo Huertas, PG",Los Angeles Lakers,"$1,500,000"
32,310,"DeAndre' Bembry, SF",Atlanta Hawks,"$1,499,760"
33,RK,NAME,TEAM,SALARY
34,311,"Jordan Adams, SG",Memphis Grizzlies,"$1,465,080"
35,312,"Bobby Portis, PF",Chicago Bulls,"$1,453,680"
36,313,"Demetrius Jackson, PG",Boston Celtics,"$1,450,000"
37,314,"Malachi Richardson, SG",Sacramento Kings,"$1,439,800"
38,315,"Rodney Hood, SG",Utah Jazz,"$1,406,520"
39,316,"Marreese Speights, PF",LA Clippers,"$1,403,611"
40,317,"Michael Beasley, SF",Milwaukee Bucks,"$1,403,611"
41,318,"JaVale McGee, C",Golden State Warriors,"$1,403,611"
42,319,"Rondae Hollis-Jefferson, SF",Brooklyn Nets,"$1,395,600"
43,320,"Deyonta Davis, C",Memphis Grizzlies,"$1,369,299"
0,RK,NAME,TEAM,SALARY
1,321,"Nikola Jokic, C",Denver Nuggets,"$1,358,500"
2,322,"Shabazz Napier, PG",Portland Trail Blazers,"$1,350,120"
3,323,"Willy Hernangomez, C",New York Knicks,"$1,350,000"
4,324,"Guillermo Hernangomez, C",New York Knicks,"$1,350,000"
5,325,"Tyus Jones, PG",Minnesota Timberwolves,"$1,339,680"
6,326,"Sasha Kaun, C",Philadelphia 76ers,"$1,333,240"
7,327,"Timothe Luwawu-Cabarrot, SG",Philadelphia 76ers,"$1,326,960"
8,328,"Clint Capela, C",Houston Rockets,"$1,296,240"
9,329,"Jarell Martin, PF",Memphis Grizzlies,"$1,286,160"
10,330,"Brice Johnson, PF",LA Clippers,"$1,273,920"
11,RK,NAME,TEAM,SALARY
12,331,"Luke Babbitt, SF",Miami Heat,"$1,227,286"
13,332,"Jeremy Evans, F",Atlanta Hawks,"$1,227,286"
14,333,"Jordan Mickey, C",Boston Celtics,"$1,223,653"
15,334,"CJ Wilcox, SG",Orlando Magic,"$1,209,600"
16,335,"Larry Nance Jr., PF",Los Angeles Lakers,"$1,207,680"
17,336,"Pascal Siakam, PF",Toronto Raptors,"$1,196,040"
18,337,"Kyle Anderson, SF",San Antonio Spurs,"$1,192,080"
19,338,"Chris McCullough, PF",Washington Wizards,"$1,191,480"
20,339,"Josh Huestis, SG",Oklahoma City Thunder,"$1,191,480"
21,340,"Livio Jean-Charles, SF",San Antonio Spurs,"$1,188,840"
22,RK,NAME,TEAM,SALARY
23,341,"Skal Labissiere, PF",Sacramento Kings,"$1,188,840"
24,342,"Kevon Looney, SF",Golden State Warriors,"$1,182,840"
25,343,"Dejounte Murray, PG",San Antonio Spurs,"$1,180,080"
26,344,"Damian Jones, C",Golden State Warriors,"$1,171,560"
27,345,"Isaiah Whitehead, SG",Brooklyn Nets,"$1,074,145"
28,346,"Joe Young, PG",Indiana Pacers,"$1,052,342"
29,347,"Rakeem Christmas, PF",Indiana Pacers,"$1,052,342"
30,348,"Tony Wroten, SG",Memphis Grizzlies,"$1,050,961"
31,349,"Chris Johnson, SG",Houston Rockets,"$1,050,961"
32,350,"John Jenkins, SG",Phoenix Suns,"$1,050,961"
33,RK,NAME,TEAM,SALARY
34,351,"Glenn Robinson III, SG",Indiana Pacers,"$1,050,500"
35,352,"Montrezl Harrell, PF",Houston Rockets,"$1,045,000"
36,353,"Ivica Zubac, C",Los Angeles Lakers,"$1,034,956"
37,354,"Richaun Holmes, PF",Philadelphia 76ers,"$1,025,831"
38,355,"Lorenzo Brown, PG",Toronto Raptors,"$1,015,696"
39,356,"Anthony Bennett, PF",Brooklyn Nets,"$1,015,696"
40,357,"Isaiah Canaan, PG",Chicago Bulls,"$1,015,696"
41,358,"Willie Reed, C",Miami Heat,"$1,015,696"
42,359,"Justin Holiday, SG",New York Knicks,"$1,015,696"
43,360,"Mike Muscala, PF",Atlanta Hawks,"$1,015,696"
0,RK,NAME,TEAM,SALARY
1,361,"Edy Tavares, C",Cleveland Cavaliers,"$1,000,000"
2,362,"Ty Lawson, PG",Sacramento Kings,"$980,431"
3,363,"James Michael McAdoo, SF",Golden State Warriors,"$980,431"
4,364,"Elton Brand, PF",Philadelphia 76ers,"$980,431"
5,365,"JaMychal Green, PF",Memphis Grizzlies,"$980,431"
6,366,"Brian Roberts, PG",Charlotte Hornets,"$980,431"
7,367,"Nate Wolters, PG",Utah Jazz,"$980,431"
8,368,"JaKarr Sampson, SF",Sacramento Kings,"$980,431"
9,369,"Will Bynum, PG",Atlanta Hawks,"$980,431"
10,370,"Stephen Zimmerman, C",Orlando Magic,"$950,000"
11,RK,NAME,TEAM,SALARY
12,371,"Andrew Harrison, SG",Memphis Grizzlies,"$945,000"
13,372,"Raul Neto, PG",Utah Jazz,"$937,800"
14,373,"Malcolm Brogdon, PG",Milwaukee Bucks,"$925,000"
15,374,"Tyler Ulis, PG",Phoenix Suns,"$918,369"
16,375,"Reggie Williams, SF",New Orleans Pelicans,"$895,197"
17,376,"Kevin Murphy, SG",Orlando Magic,"$874,636"
18,377,"Nick Johnson, SG",Orlando Magic,"$874,636"
19,378,"Branden Dawson, SF",Orlando Magic,"$874,636"
20,379,"Casper Ware, PG",Melbourne United,"$874,636"
21,380,"T.J. McConnell, PG",Philadelphia 76ers,"$874,636"
22,RK,NAME,TEAM,SALARY
23,381,"D.J. Stephens, SG",Memphis Grizzlies,"$874,636"
24,382,"D.J. Kennedy, SG",Memphis Grizzlies,"$874,636"
25,383,"Christian Wood, PF",Charlotte Hornets,"$874,636"
26,384,"Duje Dukan, PF",Sacramento Kings,"$874,636"
27,385,"Grant Jerrett, PF",Portland Trail Blazers,"$874,636"
28,386,"Cliff Alexander, PF",New Orleans Pelicans,"$874,636"
29,387,"R.J. Hunter, SG",Chicago Bulls,"$864,346"
30,388,"Paul Zipser, SF",Chicago Bulls,"$750,000"
31,389,"Spencer Dinwiddie, PG",Brooklyn Nets,"$726,672"
32,390,"Bobby Brown, PG",Houston Rockets,"$680,534"
33,RK,NAME,TEAM,SALARY
34,391,"AJ Hammons, C",Dallas Mavericks,"$650,000"
35,392,"Georges Niang, F",Indiana Pacers,"$650,000"
36,393,"Michael Gbinije, SG",Detroit Pistons,"$650,000"
37,394,"Jake Layman, SF",Portland Trail Blazers,"$600,000"
38,395,"Joel Bolomboy, PF",Utah Jazz,"$600,000"
39,396,"Donatas Motiejunas, PF",New Orleans Pelicans,"$576,724"
40,397,"Derrick Jones Jr., SG",Phoenix Suns,"$543,471"
41,398,"E.J. Singler, SF",Toronto Raptors,"$543,471"
42,399,"Drew Crawford, SG",Toronto Raptors,"$543,471"
43,400,"Andrew Andrews, G",Charlotte Hornets,"$543,471"
0,RK,NAME,TEAM,SALARY
1,401,"Treveon Graham, SG",Charlotte Hornets,"$543,471"
2,402,"Julyan Stone, PG",Charlotte Hornets,"$543,471"
3,403,"Marcus Paige, PG",Charlotte Hornets,"$543,471"
4,404,"Rasheed Sulaimon, G",Charlotte Hornets,"$543,471"
5,405,"Isaiah Cousins, PG",Sacramento Kings,"$543,471"
6,406,"Nick Zeisloft, SG",Indiana Pacers,"$543,471"
7,407,"Richard Solomon, PF",Atlanta Hawks,"$543,471"
8,408,"Jonathan Holmes, PF",Boston Celtics,"$543,471"
9,409,"Nicolas Brussino, SF",Dallas Mavericks,"$543,471"
10,410,"Jonathan Gibson, G",Dallas Mavericks,"$469,943"
11,RK,NAME,TEAM,SALARY
12,411,"Toney Douglas, PG",Memphis Grizzlies,"$379,159"
13,412,"Joel Anthony, PF",San Antonio Spurs,"$346,034"
14,413,"Ryan Kelly, PF",Atlanta Hawks,"$286,785"
15,414,"Ronnie Price, PG",Phoenix Suns,"$276,828"
16,415,"Deron Williams, PG",Dallas Mavericks,"$259,526"
17,416,"Isaiah Taylor, PG",Houston Rockets,"$255,000"
18,417,"Norris Cole, PG",Oklahoma City Thunder,"$247,991"
19,418,"Jose Calderon, PG",Los Angeles Lakers,"$247,991"
20,419,"Lamar Patterson, SG",Atlanta Hawks,"$246,956"
21,420,"Andrew Bogut, C",Dallas Mavericks,"$242,224"
22,RK,NAME,TEAM,SALARY
23,421,"Matt Barnes, SF",Sacramento Kings,"$242,224"
24,422,"Okaro White, PF",Miami Heat,"$210,995"
25,423,"Yogi Ferrell, PG",Brooklyn Nets,"$207,798"
26,424,"Larry Sanders, PF",Cleveland Cavaliers,"$207,722"
27,425,"Jordan Crawford, SG",New Orleans Pelicans,"$173,099"
28,426,"Johnny O'Bryant III, PF",Charlotte Hornets,"$161,483"
29,427,"Chasson Randle, PG",Philadelphia 76ers,"$143,860"
30,428,"Omri Casspi, F",Sacramento Kings,"$138,414"
31,429,"Briante Weber, PG",Charlotte Hornets,"$128,623"
32,430,"Ray McCallum, PG",Charlotte Hornets,"$121,112"
33,RK,NAME,TEAM,SALARY
34,431,"Derrick Williams, PF",Miami Heat,"$115,344"
35,432,"Hollis Thompson, SF",Philadelphia 76ers,"$115,344"
36,433,"Manny Harris, PG",Dallas Mavericks,"$115,344"
37,434,"Shawn Long, PF",Philadelphia 76ers,"$89,513"
38,435,"Wayne Selden, SG",Memphis Grizzlies,"$83,119"
39,436,"Troy Williams, SF",Memphis Grizzlies,"$76,725"
40,437,"Archie Goodwin, SG",Brooklyn Nets,"$75,000"
41,438,"David Nwaba, SF",Los Angeles Lakers,"$73,528"
42,439,"Mike Tobey, C",Charlotte Hornets,"$67,135"
43,440,"Justin Harper, PF",Philadelphia 76ers,"$57,672"
0,RK,NAME,TEAM,SALARY
1,441,"Jarrett Jack, PG",New Orleans Pelicans,"$57,672"
2,442,"Anthony Brown, SF",Orlando Magic,"$57,672"
3,443,"Alonzo Gee, SF",Denver Nuggets,"$57,672"
4,444,"Jarell Eddie, SG",Phoenix Suns,"$57,672"
5,445,"Jarrod Uthoff, SF",Dallas Mavericks,"$47,953"
6,446,"Alex Poythress, SF",Philadelphia 76ers,"$35,166"
7,447,"Gary Payton II, PG",Milwaukee Bucks,"$35,116"
8,448,"Patricio Garino, SG",Orlando Magic,"$31,969"
9,449,"Marcus Georges-Hunt, SG",Orlando Magic,"$31,969"
10,450,"Pierre Jackson, PG",Dallas Mavericks,"$31,969"
11,RK,NAME,TEAM,SALARY
12,451,"Elijah Millsap, SG",Phoenix Suns,"$23,069"
13,452,"Quinn Cook, PG",Dallas Mavericks,"$15,984"
14,453,"Axel Toupane, SG",Milwaukee Bucks,"$15,435"
15,454,"Dahntay Jones, SG",Cleveland Cavaliers,"$5,767"
